,OL,datacase,xs,ys,zs,xi,eta,zeta,xi1,eta1,zeta1,incidentangle,azimuth,rlen_sourcedist,llen
OL06__fb03-087__0004,OL06,fb03-087__0004,  1.37000000,  0.05000000,  0.07000000,  1.74750000,  0.00505000,0,  0.37750000, -0.04495000,0, 83.32237892, 83.20960014,  0.38655757,  0.38016674
OL06__fb03-087__0009,OL06,fb03-087__0009,  1.37000000,  0.05000000,  0.07000000,  1.74250000,  0.00375000,0,  0.37250000, -0.04625000,0, 83.04286677, 82.92231597,  0.38183152,  0.37536024
OL06__fb03-087__0018,OL06,fb03-087__0018,  1.37000000,  0.05000000,  0.07000000,  1.74600000,  0.00375000,0,  0.37600000, -0.04625000,0, 83.10484293, 82.98753967,  0.38524676,  0.37883382
OL06__fb03-087__0019,OL06,fb03-087__0019,  1.37000000,  0.05000000,  0.07000000,  1.74250000,  0.00300000,0,  0.37250000, -0.04700000,0, 82.93118077, 82.80873484,  0.38192309,  0.37545339
OL06__fb03-087__0020,OL06,fb03-087__0020,  1.37000000,  0.05000000,  0.07000000,  1.74600000,  0.00325000,0,  0.37600000, -0.04675000,0, 83.03102986, 82.91249623,  0.38530710,  0.37889519
OL06__fb03-087__0021,OL06,fb03-087__0021,  1.37000000,  0.05000000,  0.07000000,  1.74700000,  0.00425000,0,  0.37700000, -0.04575000,0, 83.19600475, 83.08083026,  0.38616326,  0.37976580
OL06__fb03-087__0024,OL06,fb03-087__0024,  1.37000000,  0.05000000,  0.07000000,  1.74200000,  0.00425000,0,  0.37200000, -0.04575000,0, 83.10850484, 82.98875025,  0.38128344,  0.37480270
OL06__fb03-087__0027,OL06,fb03-087__0027,  1.37000000,  0.05000000,  0.07000000,  1.74600000,  0.00245000,0,  0.37600000, -0.04755000,0, 82.91297738, 82.79247764,  0.38540499,  0.37899473
OL06__fb03-087__0030,OL06,fb03-087__0030,  1.37000000,  0.05000000,  0.07000000,  1.75050000,  0.01000000,0,  0.38050000, -0.04000000,0, 84.09717323, 83.99883258,  0.38894762,  0.38259672
OL06__fb03-087__0031,OL06,fb03-087__0031,  1.37000000,  0.05000000,  0.07000000,  1.74450000,  0.00695000,0,  0.37450000, -0.04305000,0, 83.55313375, 83.44244604,  0.38341042,  0.37696625
OL06__fb03-087__0037,OL06,fb03-087__0037,  1.37000000,  0.05000000,  0.07000000,  1.75450000,  0.00275000,0,  0.38450000, -0.04725000,0, 83.10641726, 82.99422548,  0.39366586,  0.38739232
OL06__fb03-087__0038,OL06,fb03-087__0038,  1.37000000,  0.05000000,  0.07000000,  1.74400000,  0.00050000,0,  0.37400000, -0.04950000,0, 82.58779763, 82.46055486,  0.38370073,  0.37726151
OL06__fb03-087__0040,OL06,fb03-087__0040,  1.37000000,  0.05000000,  0.07000000,  1.74500000, -0.00190000,0,  0.37500000, -0.05190000,0, 82.25247657, 82.12032028,  0.38499170,  0.37857444
OL06__fb03-087__0043,OL06,fb03-087__0043,  1.37000000,  0.05000000,  0.07000000,  1.74900000,  0.00425000,0,  0.37900000, -0.04575000,0, 83.23039927, 83.11699184,  0.38811604,  0.38175131
OL06__fb03-087__0044,OL06,fb03-087__0044,  1.37000000,  0.05000000,  0.07000000,  1.74200000, -0.00125000,0,  0.37200000, -0.05125000,0, 82.28946005, 82.15580774,  0.38198241,  0.37551373
OL06__fb03-087__0049,OL06,fb03-087__0049,  1.37000000,  0.05000000,  0.07000000,  1.74200000,  0.00325000,0,  0.37200000, -0.04675000,0, 82.95936696, 82.83707395,  0.38140472,  0.37492608
OL06__fb03-087__0050,OL06,fb03-087__0050,  1.37000000,  0.05000000,  0.07000000,  1.74750000,  0.00225000,0,  0.37750000, -0.04775000,0, 82.91053077, 82.79093807,  0.38689315,  0.38050797
OL06__fb03-087__0052,OL06,fb03-087__0052,  1.37000000,  0.05000000,  0.07000000,  1.74450000,  0.00535000,0,  0.37450000, -0.04465000,0, 83.31565883, 83.20096865,  0.38359337,  0.37715232
OL06__fb03-087__0055,OL06,fb03-087__0055,  1.37000000,  0.05000000,  0.07000000,  1.75200000,  0.00175000,0,  0.38200000, -0.04825000,0, 82.91785207, 82.80115487,  0.39134647,  0.38503514
OL06__fb03-087__0059,OL06,fb03-087__0059,  1.37000000,  0.05000000,  0.07000000,  1.74200000,  0.00375000,0,  0.37200000, -0.04625000,0, 83.03392404, 82.91289962,  0.38134376,  0.37486406
OL06__fb03-087__0061,OL06,fb03-087__0061,  1.37000000,  0.05000000,  0.07000000,  1.74650000,  0.00350000,0,  0.37650000, -0.04650000,0, 83.07674523, 82.95928341,  0.38576482,  0.37936065
OL06__fb03-087__0062,OL06,fb03-087__0062,  1.37000000,  0.05000000,  0.07000000,  1.74650000,  0.00525000,0,  0.37650000, -0.04475000,0, 83.33490847, 83.22174377,  0.38555779,  0.37915012
OL06__fb03-087__0069,OL06,fb03-087__0069,  1.37000000,  0.05000000,  0.07000000,  1.74450000,  0.00030000,0,  0.37450000, -0.04970000,0, 82.56767700, 82.44043424,  0.38421392,  0.37778346
OL06__fb03-087__0072,OL06,fb03-087__0072,  1.37000000,  0.05000000,  0.07000000,  1.74650000,  0.00500000,0,  0.37650000, -0.04500000,0, 83.29801111, 83.18423167,  0.38558689,  0.37917971
OL06__fb03-087__0075,OL06,fb03-087__0075,  1.37000000,  0.05000000,  0.07000000,  1.74600000, -0.00075000,0,  0.37600000, -0.05075000,0, 82.44138147, 82.31304878,  0.38581286,  0.37940949
OL06__fb03-087__0076,OL06,fb03-087__0076,  1.37000000,  0.05000000,  0.07000000,  1.74500000,  0.00125000,0,  0.37500000, -0.04875000,0, 82.71749376, 82.59308787,  0.38457972,  0.37815547
OL06__fb03-087__0077,OL06,fb03-087__0077,  1.37000000,  0.05000000,  0.07000000,  1.74700000,  0.00450000,0,  0.37700000, -0.04550000,0, 83.23283931, 83.11827637,  0.38613372,  0.37973576
OL06__fb03-087__0081,OL06,fb03-087__0081,  1.37000000,  0.05000000,  0.07000000,  1.74050000,  0.00225000,0,  0.37050000, -0.04775000,0, 82.78251401, 82.65620777,  0.38006619,  0.37356434
OL06__fb03-087__0085,OL06,fb03-087__0085,  1.37000000,  0.05000000,  0.07000000,  1.74300000, -0.00275000,0,  0.37300000, -0.05275000,0, 82.08690306, 81.95055800,  0.38315997,  0.37671151
OL06__fb03-087__0088,OL06,fb03-087__0088,  1.37000000,  0.05000000,  0.07000000,  1.74700000,  0.00525000,0,  0.37700000, -0.04475000,0, 83.34337660, 83.23065002,  0.38604606,  0.37964663
OL06__fb03-087__0089,OL06,fb03-087__0089,  1.37000000,  0.05000000,  0.07000000,  1.74600000,  0.00225000,0,  0.37600000, -0.04775000,0, 82.88347367, 82.76248288,  0.38542971,  0.37901987
OL06__fb03-087__0095,OL06,fb03-087__0095,  1.37000000,  0.05000000,  0.07000000,  1.74600000,  0.00525000,0,  0.37600000, -0.04475000,0, 83.32641925, 83.21281416,  0.38506956,  0.37865362
OL06__fb03-087__0099,OL06,fb03-087__0099,  1.37000000,  0.05000000,  0.07000000,  1.74600000,  0.00375000,0,  0.37600000, -0.04625000,0, 83.10484293, 82.98753967,  0.38524676,  0.37883382
OL06__fb03-087__0100,OL06,fb03-087__0100,  1.37000000,  0.05000000,  0.07000000,  1.74550000,  0.00350000,0,  0.37550000, -0.04650000,0, 83.05909982, 82.94072210,  0.38478890,  0.37836821
OL06__fb03-087__0102,OL06,fb03-087__0102,  1.37000000,  0.05000000,  0.07000000,  1.74650000,  0.00300000,0,  0.37650000, -0.04700000,0, 83.00303570, 82.88434877,  0.38582541,  0.37942226
OL06__fb03-087__0109,OL06,fb03-087__0109,  1.37000000,  0.05000000,  0.07000000,  1.74650000,  0.00635000,0,  0.37650000, -0.04365000,0, 83.49732244, 83.38686596,  0.38543167,  0.37902186
OL06__fb03-087__0110,OL06,fb03-087__0110,  1.37000000,  0.05000000,  0.07000000,  1.75500000,  0.00100000,0,  0.38500000, -0.04900000,0, 82.86258374, 82.74680539,  0.39436785,  0.38810566
OL06__fb03-087__0111,OL06,fb03-087__0111,  1.37000000,  0.05000000,  0.07000000,  1.74550000,  0.00500000,0,  0.37550000, -0.04500000,0, 83.28091911, 83.16625191,  0.38461052,  0.37818679
OL06__fb03-087__0118,OL06,fb03-087__0118,  1.37000000,  0.05000000,  0.07000000,  1.74300000, -0.00150000,0,  0.37300000, -0.05150000,0, 82.27212437, 82.13888994,  0.38298988,  0.37653851
OL06__fb03-087__0120,OL06,fb03-087__0120,  1.37000000,  0.05000000,  0.07000000,  1.74700000,  0.00400000,0,  0.37700000, -0.04600000,0, 83.15917584, 83.04339009,  0.38619296,  0.37979600
OL06__fb03-087__0126,OL06,fb03-087__0126,  1.37000000,  0.05000000,  0.07000000,  1.74400000, -0.00050000,0,  0.37400000, -0.05050000,0, 82.43977139, 82.31004768,  0.38383102,  0.37739402
OL06__fb03-087__0128,OL06,fb03-087__0128,  1.37000000,  0.05000000,  0.07000000,  1.74800000,  0.00625000,0,  0.37800000, -0.04375000,0, 83.50734296, 83.39791977,  0.38690834,  0.38052341
OL06__fb03-087__0129,OL06,fb03-087__0129,  1.37000000,  0.05000000,  0.07000000,  1.74350000,  0.00125000,0,  0.37350000, -0.04875000,0, 82.68954236, 82.56367351,  0.38311723,  0.37666804
OL06__fb03-087__0131,OL06,fb03-087__0131,  1.37000000,  0.05000000,  0.07000000,  1.74300000,  0.00000000,0,  0.37300000, -0.05000000,0, 82.49460431, 82.36511377,  0.38279107,  0.37633629
OL07__fb03-087__0004,OL07,fb03-087__0004,  1.66000000,  0.05000000,  0.07000000,  1.74750000,  0.00505000,0,  0.08750000, -0.04495000,0, 68.14213384, 62.80978668,  0.12073422,  0.09837049
OL07__fb03-087__0009,OL07,fb03-087__0009,  1.66000000,  0.05000000,  0.07000000,  1.74250000,  0.00375000,0,  0.08250000, -0.04625000,0, 66.85487903, 60.72474572,  0.11766611,  0.09457966
OL07__fb03-087__0018,OL07,fb03-087__0018,  1.66000000,  0.05000000,  0.07000000,  1.74600000,  0.00375000,0,  0.08600000, -0.04625000,0, 67.35946948, 61.72904956,  0.12014600,  0.09764764
OL07__fb03-087__0019,OL07,fb03-087__0019,  1.66000000,  0.05000000,  0.07000000,  1.74250000,  0.00300000,0,  0.08250000, -0.04700000,0, 66.51991484, 60.32996618,  0.11796292,  0.09494867
OL07__fb03-087__0020,OL07,fb03-087__0020,  1.66000000,  0.05000000,  0.07000000,  1.74600000,  0.00325000,0,  0.08600000, -0.04675000,0, 67.13975505, 61.47129129,  0.12033936,  0.09788546
OL07__fb03-087__0021,OL07,fb03-087__0021,  1.66000000,  0.05000000,  0.07000000,  1.74700000,  0.00425000,0,  0.08700000, -0.04575000,0, 67.72065606, 62.26182037,  0.12067337,  0.09829579
OL07__fb03-087__0024,OL07,fb03-087__0024,  1.66000000,  0.05000000,  0.07000000,  1.74200000,  0.00425000,0,  0.08200000, -0.04575000,0, 67.00657742, 60.84167984,  0.11711986,  0.09389921
OL07__fb03-087__0027,OL07,fb03-087__0027,  1.66000000,  0.05000000,  0.07000000,  1.74600000,  0.00245000,0,  0.08600000, -0.04755000,0, 66.78968612, 61.06148801,  0.12065240,  0.09827005
OL07__fb03-087__0030,OL07,fb03-087__0030,  1.66000000,  0.05000000,  0.07000000,  1.75050000,  0.01000000,0,  0.09050000, -0.04000000,0, 70.72977360, 66.15510097,  0.12120334,  0.09894569
OL07__fb03-087__0031,OL07,fb03-087__0031,  1.66000000,  0.05000000,  0.07000000,  1.74450000,  0.00695000,0,  0.08450000, -0.04305000,0, 68.57825895, 63.00263801,  0.11787091,  0.09483434
OL07__fb03-087__0037,OL07,fb03-087__0037,  1.66000000,  0.05000000,  0.07000000,  1.75450000,  0.00275000,0,  0.09450000, -0.04725000,0, 68.11079436, 63.43494882,  0.12673915,  0.10565421
OL07__fb03-087__0038,OL07,fb03-087__0038,  1.66000000,  0.05000000,  0.07000000,  1.74400000,  0.00050000,0,  0.08400000, -0.04950000,0, 65.64365046, 59.48976259,  0.12002604,  0.09750000
OL07__fb03-087__0040,OL07,fb03-087__0040,  1.66000000,  0.05000000,  0.07000000,  1.74500000, -0.00190000,0,  0.08500000, -0.05190000,0, 64.76402042, 58.59225200,  0.12173171,  0.09959222
OL07__fb03-087__0043,OL07,fb03-087__0043,  1.66000000,  0.05000000,  0.07000000,  1.74900000,  0.00425000,0,  0.08900000, -0.04575000,0, 67.99905642, 62.79479915,  0.12212314,  0.10007029
OL07__fb03-087__0044,OL07,fb03-087__0044,  1.66000000,  0.05000000,  0.07000000,  1.74200000, -0.00125000,0,  0.08200000, -0.05125000,0, 64.57579073, 57.99461679,  0.11937572,  0.09669831
OL07__fb03-087__0049,OL07,fb03-087__0049,  1.66000000,  0.05000000,  0.07000000,  1.74200000,  0.00325000,0,  0.08200000, -0.04675000,0, 66.55774485, 60.31158627,  0.11751409,  0.09439048
OL07__fb03-087__0050,OL07,fb03-087__0050,  1.66000000,  0.05000000,  0.07000000,  1.74750000,  0.00225000,0,  0.08750000, -0.04775000,0, 66.91963004, 61.37807200,  0.12180440,  0.09968105
OL07__fb03-087__0052,OL07,fb03-087__0052,  1.66000000,  0.05000000,  0.07000000,  1.74450000,  0.00535000,0,  0.08450000, -0.04465000,0, 67.85785449, 62.14792105,  0.11846465,  0.09557130
OL07__fb03-087__0055,OL07,fb03-087__0055,  1.66000000,  0.05000000,  0.07000000,  1.75200000,  0.00175000,0,  0.09200000, -0.04825000,0, 67.34543849, 62.32494344,  0.12526796,  0.10388485
OL07__fb03-087__0059,OL07,fb03-087__0059,  1.66000000,  0.05000000,  0.07000000,  1.74200000,  0.00375000,0,  0.08200000, -0.04625000,0, 66.78178407, 60.57594152,  0.11731608,  0.09414384
OL07__fb03-087__0061,OL07,fb03-087__0061,  1.66000000,  0.05000000,  0.07000000,  1.74650000,  0.00350000,0,  0.08650000, -0.04650000,0, 67.32085127, 61.73875856,  0.12060058,  0.09820642
OL07__fb03-087__0062,OL07,fb03-087__0062,  1.66000000,  0.05000000,  0.07000000,  1.74650000,  0.00525000,0,  0.08650000, -0.04475000,0, 68.09223786, 62.64561948,  0.11993670,  0.09739000
OL07__fb03-087__0069,OL07,fb03-087__0069,  1.66000000,  0.05000000,  0.07000000,  1.74450000,  0.00030000,0,  0.08450000, -0.04970000,0, 65.63242721, 59.53741840,  0.12045887,  0.09803234
OL07__fb03-087__0072,OL07,fb03-087__0072,  1.66000000,  0.05000000,  0.07000000,  1.74650000,  0.00500000,0,  0.08650000, -0.04500000,0, 67.98151940, 62.51514148,  0.12003020,  0.09750513
OL07__fb03-087__0075,OL07,fb03-087__0075,  1.66000000,  0.05000000,  0.07000000,  1.74600000, -0.00075000,0,  0.08600000, -0.05075000,0, 65.40776783, 59.45445341,  0.12194902,  0.09985771
OL07__fb03-087__0076,OL07,fb03-087__0076,  1.66000000,  0.05000000,  0.07000000,  1.74500000,  0.00125000,0,  0.08500000, -0.04875000,0, 66.11984486, 60.16446090,  0.12042243,  0.09798756
OL07__fb03-087__0077,OL07,fb03-087__0077,  1.66000000,  0.05000000,  0.07000000,  1.74700000,  0.00450000,0,  0.08700000, -0.04550000,0, 67.83058101, 62.39094995,  0.12057881,  0.09817968
OL07__fb03-087__0081,OL07,fb03-087__0081,  1.66000000,  0.05000000,  0.07000000,  1.74050000,  0.00225000,0,  0.08050000, -0.04775000,0, 65.88634676, 59.32495086,  0.11687734,  0.09359654
OL07__fb03-087__0085,OL07,fb03-087__0085,  1.66000000,  0.05000000,  0.07000000,  1.74300000, -0.00275000,0,  0.08300000, -0.05275000,0, 64.08814595, 57.56232054,  0.12071273,  0.09834410
OL07__fb03-087__0088,OL07,fb03-087__0088,  1.66000000,  0.05000000,  0.07000000,  1.74700000,  0.00525000,0,  0.08700000, -0.04475000,0, 68.16138704, 62.78016842,  0.12029781,  0.09783436
OL07__fb03-087__0089,OL07,fb03-087__0089,  1.66000000,  0.05000000,  0.07000000,  1.74600000,  0.00225000,0,  0.08600000, -0.04775000,0, 66.70245356, 60.95953951,  0.12073137,  0.09836698
OL07__fb03-087__0095,OL07,fb03-087__0095,  1.66000000,  0.05000000,  0.07000000,  1.74600000,  0.00525000,0,  0.08600000, -0.04475000,0, 68.02283057, 62.50983786,  0.11957660,  0.09694618
OL07__fb03-087__0099,OL07,fb03-087__0099,  1.66000000,  0.05000000,  0.07000000,  1.74600000,  0.00375000,0,  0.08600000, -0.04625000,0, 67.35946948, 61.72904956,  0.12014600,  0.09764764
OL07__fb03-087__0100,OL07,fb03-087__0100,  1.66000000,  0.05000000,  0.07000000,  1.74550000,  0.00350000,0,  0.08550000, -0.04650000,0, 67.17793712, 61.46001481,  0.11988536,  0.09732677
OL07__fb03-087__0102,OL07,fb03-087__0102,  1.66000000,  0.05000000,  0.07000000,  1.74650000,  0.00300000,0,  0.08650000, -0.04700000,0, 67.10202582, 61.48243977,  0.12079425,  0.09844415
OL07__fb03-087__0109,OL07,fb03-087__0109,  1.66000000,  0.05000000,  0.07000000,  1.74650000,  0.00635000,0,  0.08650000, -0.04365000,0, 68.58144080, 63.22337986,  0.11953063,  0.09688949
OL07__fb03-087__0110,OL07,fb03-087__0110,  1.66000000,  0.05000000,  0.07000000,  1.75500000,  0.00100000,0,  0.09500000, -0.04900000,0, 67.44985319, 62.71579271,  0.12777324,  0.10689247
OL07__fb03-087__0111,OL07,fb03-087__0111,  1.66000000,  0.05000000,  0.07000000,  1.74550000,  0.00500000,0,  0.08550000, -0.04500000,0, 67.84188988, 62.24145940,  0.11931157,  0.09661910
OL07__fb03-087__0118,OL07,fb03-087__0118,  1.66000000,  0.05000000,  0.07000000,  1.74300000, -0.00150000,0,  0.08300000, -0.05150000,0, 64.62421658, 58.18114607,  0.12017175,  0.09767932
OL07__fb03-087__0120,OL07,fb03-087__0120,  1.66000000,  0.05000000,  0.07000000,  1.74700000,  0.00400000,0,  0.08700000, -0.04600000,0, 67.61090366, 62.13299615,  0.12076837,  0.09841240
OL07__fb03-087__0126,OL07,fb03-087__0126,  1.66000000,  0.05000000,  0.07000000,  1.74400000, -0.00050000,0,  0.08400000, -0.05050000,0, 65.21027265, 58.98611594,  0.12044189,  0.09801148
OL07__fb03-087__0128,OL07,fb03-087__0128,  1.66000000,  0.05000000,  0.07000000,  1.74800000,  0.00625000,0,  0.08800000, -0.04375000,0, 68.74012161, 63.56531442,  0.12065680,  0.09827544
OL07__fb03-087__0129,OL07,fb03-087__0129,  1.66000000,  0.05000000,  0.07000000,  1.74350000,  0.00125000,0,  0.08350000, -0.04875000,0, 65.89566165, 59.72223554,  0.11936839,  0.09668926
OL07__fb03-087__0131,OL07,fb03-087__0131,  1.66000000,  0.05000000,  0.07000000,  1.74300000,  0.00000000,0,  0.08300000, -0.05000000,0, 65.27383505, 58.93483511,  0.11953661,  0.09689685
OL08__fb03-087__0004,OL08,fb03-087__0004,  1.91000000,  0.05000000,  0.07000000,  1.74750000,  0.00505000,0, -0.16250000, -0.04495000,0, 75.74572577,-74.53773695,  0.18255616,  0.16860235
OL08__fb03-087__0009,OL08,fb03-087__0009,  1.91000000,  0.05000000,  0.07000000,  1.74250000,  0.00375000,0, -0.16750000, -0.04625000,0, 75.70699412,-74.56413811,  0.18733743,  0.17376798
OL08__fb03-087__0018,OL08,fb03-087__0018,  1.91000000,  0.05000000,  0.07000000,  1.74600000,  0.00375000,0, -0.16400000, -0.04625000,0, 75.45941534,-74.25090084,  0.18421472,  0.17039678
OL08__fb03-087__0019,OL08,fb03-087__0019,  1.91000000,  0.05000000,  0.07000000,  1.74250000,  0.00300000,0, -0.16750000, -0.04700000,0, 75.48493303,-74.32603884,  0.18752400,  0.17396911
OL08__fb03-087__0020,OL08,fb03-087__0020,  1.91000000,  0.05000000,  0.07000000,  1.74600000,  0.00325000,0, -0.16400000, -0.04675000,0, 75.30898571,-74.08921693,  0.18434089,  0.17053317
OL08__fb03-087__0021,OL08,fb03-087__0021,  1.91000000,  0.05000000,  0.07000000,  1.74700000,  0.00425000,0, -0.16300000, -0.04575000,0, 75.53859849,-74.32190499,  0.18319952,  0.16929874
OL08__fb03-087__0024,OL08,fb03-087__0024,  1.91000000,  0.05000000,  0.07000000,  1.74200000,  0.00425000,0, -0.16800000, -0.04575000,0, 75.88970710,-74.76652685,  0.18766210,  0.17411796
OL08__fb03-087__0027,OL08,fb03-087__0027,  1.91000000,  0.05000000,  0.07000000,  1.74600000,  0.00245000,0, -0.16400000, -0.04755000,0, 75.06872915,-73.83106366,  0.18454539,  0.17075422
OL08__fb03-087__0030,OL08,fb03-087__0030,  1.91000000,  0.05000000,  0.07000000,  1.75050000,  0.01000000,0, -0.15950000, -0.04000000,0, 77.06674443,-75.92150302,  0.17871835,  0.16443920
OL08__fb03-087__0031,OL08,fb03-087__0031,  1.91000000,  0.05000000,  0.07000000,  1.74450000,  0.00695000,0, -0.16550000, -0.04305000,0, 76.52741434,-75.41929845,  0.18477974,  0.17100746
OL08__fb03-087__0037,OL08,fb03-087__0037,  1.91000000,  0.05000000,  0.07000000,  1.75450000,  0.00275000,0, -0.15550000, -0.04725000,0, 74.51309415,-73.09814887,  0.17695427,  0.16252019
OL08__fb03-087__0038,OL08,fb03-087__0038,  1.91000000,  0.05000000,  0.07000000,  1.74400000,  0.00050000,0, -0.16600000, -0.04950000,0, 74.63639237,-73.39579983,  0.18683214,  0.17322312
OL08__fb03-087__0040,OL08,fb03-087__0040,  1.91000000,  0.05000000,  0.07000000,  1.74500000, -0.00190000,0, -0.16500000, -0.05190000,0, 73.85084363,-72.53926840,  0.18659745,  0.17296997
OL08__fb03-087__0043,OL08,fb03-087__0043,  1.91000000,  0.05000000,  0.07000000,  1.74900000,  0.00425000,0, -0.16100000, -0.04575000,0, 75.39380273,-74.13689178,  0.18142233,  0.16737402
OL08__fb03-087__0044,OL08,fb03-087__0044,  1.91000000,  0.05000000,  0.07000000,  1.74200000, -0.00125000,0, -0.16800000, -0.05125000,0, 74.27313035,-73.03517396,  0.18907819,  0.17564328
OL08__fb03-087__0049,OL08,fb03-087__0049,  1.91000000,  0.05000000,  0.07000000,  1.74200000,  0.00325000,0, -0.16800000, -0.04675000,0, 75.59399219,-74.44950771,  0.18790839,  0.17438338
OL08__fb03-087__0050,OL08,fb03-087__0050,  1.91000000,  0.05000000,  0.07000000,  1.74750000,  0.00225000,0, -0.16250000, -0.04775000,0, 74.89725986,-73.62477764,  0.18326569,  0.16937034
OL08__fb03-087__0052,OL08,fb03-087__0052,  1.91000000,  0.05000000,  0.07000000,  1.74450000,  0.00535000,0, -0.16550000, -0.04465000,0, 76.04592781,-74.90171911,  0.18515905,  0.17141725
OL08__fb03-087__0055,OL08,fb03-087__0055,  1.91000000,  0.05000000,  0.07000000,  1.75200000,  0.00175000,0, -0.15800000, -0.04825000,0, 74.39999618,-73.01839010,  0.17942147,  0.16520309
OL08__fb03-087__0059,OL08,fb03-087__0059,  1.91000000,  0.05000000,  0.07000000,  1.74200000,  0.00375000,0, -0.16800000, -0.04625000,0, 75.74175269,-74.60789656,  0.18778462,  0.17425000
OL08__fb03-087__0061,OL08,fb03-087__0061,  1.91000000,  0.05000000,  0.07000000,  1.74650000,  0.00350000,0, -0.16350000, -0.04650000,0, 75.34801671,-74.12405349,  0.18383280,  0.16998382
OL08__fb03-087__0062,OL08,fb03-087__0062,  1.91000000,  0.05000000,  0.07000000,  1.74650000,  0.00525000,0, -0.16350000, -0.04475000,0, 75.87696640,-74.69300310,  0.18339796,  0.16951346
OL08__fb03-087__0069,OL08,fb03-087__0069,  1.91000000,  0.05000000,  0.07000000,  1.74450000,  0.00030000,0, -0.16550000, -0.04970000,0, 74.53962321,-73.28487644,  0.18644125,  0.17280145
OL08__fb03-087__0072,OL08,fb03-087__0072,  1.91000000,  0.05000000,  0.07000000,  1.74650000,  0.00500000,0, -0.16350000, -0.04500000,0, 75.80124930,-74.61153217,  0.18345912,  0.16957963
OL08__fb03-087__0075,OL08,fb03-087__0075,  1.91000000,  0.05000000,  0.07000000,  1.74600000, -0.00075000,0, -0.16400000, -0.05075000,0, 74.11312915,-72.80525433,  0.18539569,  0.17167284
OL08__fb03-087__0076,OL08,fb03-087__0076,  1.91000000,  0.05000000,  0.07000000,  1.74500000,  0.00125000,0, -0.16500000, -0.04875000,0, 74.78420294,-73.53998519,  0.18574596,  0.17205105
OL08__fb03-087__0077,OL08,fb03-087__0077,  1.91000000,  0.05000000,  0.07000000,  1.74700000,  0.00450000,0, -0.16300000, -0.04550000,0, 75.61433464,-74.40339715,  0.18313724,  0.16923135
OL08__fb03-087__0081,OL08,fb03-087__0081,  1.91000000,  0.05000000,  0.07000000,  1.74050000,  0.00225000,0, -0.16950000, -0.04775000,0, 75.40536922,-74.26689248,  0.18950016,  0.17609745
OL08__fb03-087__0085,OL08,fb03-087__0085,  1.91000000,  0.05000000,  0.07000000,  1.74300000, -0.00275000,0, -0.16700000, -0.05275000,0, 73.75852471,-72.47032676,  0.18860425,  0.17513299
OL08__fb03-087__0088,OL08,fb03-087__0088,  1.91000000,  0.05000000,  0.07000000,  1.74700000,  0.00525000,0, -0.16300000, -0.04475000,0, 75.84185059,-74.64826119,  0.18295235,  0.16903125
OL08__fb03-087__0089,OL08,fb03-087__0089,  1.91000000,  0.05000000,  0.07000000,  1.74600000,  0.00225000,0, -0.16400000, -0.04775000,0, 75.00874852,-73.76663015,  0.18459703,  0.17081002
OL08__fb03-087__0095,OL08,fb03-087__0095,  1.91000000,  0.05000000,  0.07000000,  1.74600000,  0.00525000,0, -0.16400000, -0.04475000,0, 75.91192849,-74.73749115,  0.18384385,  0.16999577
OL08__fb03-087__0099,OL08,fb03-087__0099,  1.91000000,  0.05000000,  0.07000000,  1.74600000,  0.00375000,0, -0.16400000, -0.04625000,0, 75.45941534,-74.25090084,  0.18421472,  0.17039678
OL08__fb03-087__0100,OL08,fb03-087__0100,  1.91000000,  0.05000000,  0.07000000,  1.74550000,  0.00350000,0, -0.16450000, -0.04650000,0, 75.42017556,-74.21574086,  0.18472277,  0.17094590
OL08__fb03-087__0102,OL08,fb03-087__0102,  1.91000000,  0.05000000,  0.07000000,  1.74650000,  0.00300000,0, -0.16350000, -0.04700000,0, 75.19735185,-73.96207971,  0.18395991,  0.17012128
OL08__fb03-087__0109,OL08,fb03-087__0109,  1.91000000,  0.05000000,  0.07000000,  1.74650000,  0.00635000,0, -0.16350000, -0.04365000,0, 76.21071734,-75.05222569,  0.18313266,  0.16922639
OL08__fb03-087__0110,OL08,fb03-087__0110,  1.91000000,  0.05000000,  0.07000000,  1.75500000,  0.00100000,0, -0.15500000, -0.04900000,0, 73.92774248,-72.45674228,  0.17699153,  0.16256076
OL08__fb03-087__0111,OL08,fb03-087__0111,  1.91000000,  0.05000000,  0.07000000,  1.74550000,  0.00500000,0, -0.16450000, -0.04500000,0, 75.87136383,-74.70068297,  0.18435089,  0.17054398
OL08__fb03-087__0118,OL08,fb03-087__0118,  1.91000000,  0.05000000,  0.07000000,  1.74300000, -0.00150000,0, -0.16700000, -0.05150000,0, 74.12377762,-72.86111468,  0.18825847,  0.17476055
OL08__fb03-087__0120,OL08,fb03-087__0120,  1.91000000,  0.05000000,  0.07000000,  1.74700000,  0.00400000,0, -0.16300000, -0.04600000,0, 75.46291394,-74.24047783,  0.18326211,  0.16936647
OL08__fb03-087__0126,OL08,fb03-087__0126,  1.91000000,  0.05000000,  0.07000000,  1.74400000, -0.00050000,0, -0.16600000, -0.05050000,0, 74.34110310,-73.07935446,  0.18709957,  0.17351153
OL08__fb03-087__0128,OL08,fb03-087__0128,  1.91000000,  0.05000000,  0.07000000,  1.74800000,  0.00625000,0, -0.16200000, -0.04375000,0, 76.07661409,-74.88712846,  0.18181876,  0.16780364
OL08__fb03-087__0129,OL08,fb03-087__0129,  1.91000000,  0.05000000,  0.07000000,  1.74350000,  0.00125000,0, -0.16650000, -0.04875000,0, 74.89527474,-73.68034958,  0.18707970,  0.17349009
OL08__fb03-087__0131,OL08,fb03-087__0131,  1.91000000,  0.05000000,  0.07000000,  1.74300000,  0.00000000,0, -0.16700000, -0.05000000,0, 74.56383373,-73.33223696,  0.18785367,  0.17432441
OL22__fb03-087__0004,OL22,fb03-087__0004,  1.53500000, -0.05000000,  0.07000000,  1.74750000,  0.00505000,0, -0.21250000, -0.05505000,0, 76.17681232,-75.47630627,  0.23040563,  0.21951481
OL22__fb03-087__0009,OL22,fb03-087__0009,  1.53500000, -0.05000000,  0.07000000,  1.74250000,  0.00375000,0, -0.20750000, -0.05375000,0, 76.20959789,-75.47752397,  0.22548905,  0.21434858
OL22__fb03-087__0018,OL22,fb03-087__0018,  1.53500000, -0.05000000,  0.07000000,  1.74600000,  0.00375000,0, -0.21100000, -0.05375000,0, 76.40780350,-75.70847210,  0.22871393,  0.21773852
OL22__fb03-087__0019,OL22,fb03-087__0019,  1.53500000, -0.05000000,  0.07000000,  1.74250000,  0.00300000,0, -0.20750000, -0.05300000,0, 76.39482244,-75.67176471,  0.22531145,  0.21416174
OL22__fb03-087__0020,OL22,fb03-087__0020,  1.53500000, -0.05000000,  0.07000000,  1.74600000,  0.00325000,0, -0.21100000, -0.05325000,0, 76.52961427,-75.83604255,  0.22859694,  0.21761563
OL22__fb03-087__0021,OL22,fb03-087__0021,  1.53500000, -0.05000000,  0.07000000,  1.74700000,  0.00425000,0, -0.21200000, -0.05425000,0, 76.34224463,-75.64624369,  0.22975435,  0.21883113
OL22__fb03-087__0024,OL22,fb03-087__0024,  1.53500000, -0.05000000,  0.07000000,  1.74200000,  0.00425000,0, -0.20700000, -0.05425000,0, 76.05729037,-75.31435641,  0.22514898,  0.21399080
OL22__fb03-087__0027,OL22,fb03-087__0027,  1.53500000, -0.05000000,  0.07000000,  1.74600000,  0.00245000,0, -0.21100000, -0.05245000,0, 76.72476943,-76.04045339,  0.22841191,  0.21742126
OL22__fb03-087__0030,OL22,fb03-087__0030,  1.53500000, -0.05000000,  0.07000000,  1.75050000,  0.01000000,0, -0.21550000, -0.06000000,0, 75.16834099,-74.44161300,  0.23439337,  0.22369678
OL22__fb03-087__0031,OL22,fb03-087__0031,  1.53500000, -0.05000000,  0.07000000,  1.74450000,  0.00695000,0, -0.20950000, -0.05695000,0, 75.54250350,-74.79233169,  0.22810864,  0.21710263
OL22__fb03-087__0037,OL22,fb03-087__0037,  1.53500000, -0.05000000,  0.07000000,  1.75450000,  0.00275000,0, -0.21950000, -0.05275000,0, 77.10394638,-76.48699111,  0.23635315,  0.22574945
OL22__fb03-087__0038,OL22,fb03-087__0038,  1.53500000, -0.05000000,  0.07000000,  1.74400000,  0.00050000,0, -0.20900000, -0.05050000,0, 77.09527096,-76.41616727,  0.22612220,  0.21501453
OL22__fb03-087__0040,OL22,fb03-087__0040,  1.53500000, -0.05000000,  0.07000000,  1.74500000, -0.00190000,0, -0.21000000, -0.04810000,0, 77.74056904,-77.09907208,  0.22652508,  0.21543818
OL22__fb03-087__0043,OL22,fb03-087__0043,  1.53500000, -0.05000000,  0.07000000,  1.74900000,  0.00425000,0, -0.21400000, -0.05425000,0, 76.45323297,-75.77492191,  0.23160108,  0.22076925
OL22__fb03-087__0044,OL22,fb03-087__0044,  1.53500000, -0.05000000,  0.07000000,  1.74200000, -0.00125000,0, -0.20700000, -0.04875000,0, 77.42347378,-76.74790985,  0.22388739,  0.21266303
OL22__fb03-087__0049,OL22,fb03-087__0049,  1.53500000, -0.05000000,  0.07000000,  1.74200000,  0.00325000,0, -0.20700000, -0.05325000,0, 76.30453516,-75.57366364,  0.22491012,  0.21373947
OL22__fb03-087__0050,OL22,fb03-087__0050,  1.53500000, -0.05000000,  0.07000000,  1.74750000,  0.00225000,0, -0.21250000, -0.05225000,0, 76.85486933,-76.18601668,  0.22975272,  0.21882941
OL22__fb03-087__0052,OL22,fb03-087__0052,  1.53500000, -0.05000000,  0.07000000,  1.74450000,  0.00535000,0, -0.20950000, -0.05535000,0, 75.93233790,-75.20058482,  0.22771445,  0.21668842
OL22__fb03-087__0055,OL22,fb03-087__0055,  1.53500000, -0.05000000,  0.07000000,  1.75200000,  0.00175000,0, -0.21700000, -0.05175000,0, 77.21262208,-76.58668148,  0.23380989,  0.22308533
OL22__fb03-087__0059,OL22,fb03-087__0059,  1.53500000, -0.05000000,  0.07000000,  1.74200000,  0.00375000,0, -0.20700000, -0.05375000,0, 76.18084715,-75.44393384,  0.22502903,  0.21386459
OL22__fb03-087__0061,OL22,fb03-087__0061,  1.53500000, -0.05000000,  0.07000000,  1.74650000,  0.00350000,0, -0.21150000, -0.05350000,0, 76.49646394,-75.80451353,  0.22911678,  0.21816164
OL22__fb03-087__0062,OL22,fb03-087__0062,  1.53500000, -0.05000000,  0.07000000,  1.74650000,  0.00525000,0, -0.21150000, -0.05525000,0, 76.07170061,-75.35982893,  0.22953172,  0.21859738
OL22__fb03-087__0069,OL22,fb03-087__0069,  1.53500000, -0.05000000,  0.07000000,  1.74450000,  0.00030000,0, -0.20950000, -0.05030000,0, 77.17135991,-76.49909497,  0.22653993,  0.21545380
OL22__fb03-087__0072,OL22,fb03-087__0072,  1.53500000, -0.05000000,  0.07000000,  1.74650000,  0.00500000,0, -0.21150000, -0.05500000,0, 76.13228669,-75.42324634,  0.22947168,  0.21853432
OL22__fb03-087__0075,OL22,fb03-087__0075,  1.53500000, -0.05000000,  0.07000000,  1.74600000, -0.00075000,0, -0.21100000, -0.04925000,0, 77.50849350,-76.86168571,  0.22769840,  0.21667155
OL22__fb03-087__0076,OL22,fb03-087__0076,  1.53500000, -0.05000000,  0.07000000,  1.74500000,  0.00125000,0, -0.21000000, -0.05125000,0, 76.96433689,-76.28518811,  0.22721479,  0.21616328
OL22__fb03-087__0077,OL22,fb03-087__0077,  1.53500000, -0.05000000,  0.07000000,  1.74700000,  0.00450000,0, -0.21200000, -0.05450000,0, 76.28167849,-75.58284837,  0.22981351,  0.21889324
OL22__fb03-087__0081,OL22,fb03-087__0081,  1.53500000, -0.05000000,  0.07000000,  1.74050000,  0.00225000,0, -0.20550000, -0.05225000,0, 76.46754066,-75.73437803,  0.22329423,  0.21203847
OL22__fb03-087__0085,OL22,fb03-087__0085,  1.53500000, -0.05000000,  0.07000000,  1.74300000, -0.00275000,0, -0.20800000, -0.04725000,0, 77.84978631,-77.20168705,  0.22449179,  0.21329923
OL22__fb03-087__0088,OL22,fb03-087__0088,  1.53500000, -0.05000000,  0.07000000,  1.74700000,  0.00525000,0, -0.21200000, -0.05525000,0, 76.10016798,-75.39287920,  0.22999253,  0.21908118
OL22__fb03-087__0089,OL22,fb03-087__0089,  1.53500000, -0.05000000,  0.07000000,  1.74600000,  0.00225000,0, -0.21100000, -0.05225000,0, 76.77360746,-76.09161301,  0.22836607,  0.21737310
OL22__fb03-087__0095,OL22,fb03-087__0095,  1.53500000, -0.05000000,  0.07000000,  1.74600000,  0.00525000,0, -0.21100000, -0.05525000,0, 76.04312539,-75.32663206,  0.22907109,  0.21811365
OL22__fb03-087__0099,OL22,fb03-087__0099,  1.53500000, -0.05000000,  0.07000000,  1.74600000,  0.00375000,0, -0.21100000, -0.05375000,0, 76.40780350,-75.70847210,  0.22871393,  0.21773852
OL22__fb03-087__0100,OL22,fb03-087__0100,  1.53500000, -0.05000000,  0.07000000,  1.74550000,  0.00350000,0, -0.21050000, -0.05350000,0, 76.44081691,-75.73982107,  0.22819400,  0.21719231
OL22__fb03-087__0102,OL22,fb03-087__0102,  1.53500000, -0.05000000,  0.07000000,  1.74650000,  0.00300000,0, -0.21150000, -0.05300000,0, 76.61810537,-75.93189014,  0.22900055,  0.21803956
OL22__fb03-087__0109,OL22,fb03-087__0109,  1.53500000, -0.05000000,  0.07000000,  1.74650000,  0.00635000,0, -0.21150000, -0.05635000,0, 75.80550061,-75.08122941,  0.22979898,  0.21887799
OL22__fb03-087__0110,OL22,fb03-087__0110,  1.53500000, -0.05000000,  0.07000000,  1.75500000,  0.00100000,0, -0.22000000, -0.05100000,0, 77.54310350,-76.94833466,  0.23643392,  0.22583401
OL22__fb03-087__0111,OL22,fb03-087__0111,  1.53500000, -0.05000000,  0.07000000,  1.74550000,  0.00500000,0, -0.21050000, -0.05500000,0, 76.07525700,-75.35696773,  0.22855032,  0.21756666
OL22__fb03-087__0118,OL22,fb03-087__0118,  1.53500000, -0.05000000,  0.07000000,  1.74300000, -0.00150000,0, -0.20800000, -0.04850000,0, 77.53827054,-76.87468592,  0.22475820,  0.21357961
OL22__fb03-087__0120,OL22,fb03-087__0120,  1.53500000, -0.05000000,  0.07000000,  1.74700000,  0.00400000,0, -0.21200000, -0.05400000,0, 76.40284190,-75.70967492,  0.22969545,  0.21876928
OL22__fb03-087__0126,OL22,fb03-087__0126,  1.53500000, -0.05000000,  0.07000000,  1.74400000, -0.00050000,0, -0.20900000, -0.04950000,0, 77.34249796,-76.67546874,  0.22590097,  0.21478187
OL22__fb03-087__0128,OL22,fb03-087__0128,  1.53500000, -0.05000000,  0.07000000,  1.74800000,  0.00625000,0, -0.21300000, -0.05625000,0, 75.91611385,-75.20679606,  0.23115593,  0.22030221
OL22__fb03-087__0129,OL22,fb03-087__0129,  1.53500000, -0.05000000,  0.07000000,  1.74350000,  0.00125000,0, -0.20850000, -0.05125000,0, 76.88293090,-76.19028484,  0.22582917,  0.21470634
OL22__fb03-087__0131,OL22,fb03-087__0131,  1.53500000, -0.05000000,  0.07000000,  1.74300000,  0.00000000,0, -0.20800000, -0.05000000,0, 77.16543874,-76.48343189,  0.22508665,  0.21392522
OL23__fb03-087__0004,OL23,fb03-087__0004,  1.78500000, -0.05000000,  0.07000000,  1.74750000,  0.00505000,0,  0.03750000, -0.05505000,0, 55.26948610, 34.26264838,  0.09662687,  0.06660895
OL23__fb03-087__0009,OL23,fb03-087__0009,  1.78500000, -0.05000000,  0.07000000,  1.74250000,  0.00375000,0,  0.04250000, -0.05375000,0, 56.72091918, 38.33334011,  0.09795567,  0.06852235
OL23__fb03-087__0018,OL23,fb03-087__0018,  1.78500000, -0.05000000,  0.07000000,  1.74600000,  0.00375000,0,  0.03900000, -0.05375000,0, 56.14726269, 35.96394050,  0.09648867,  0.06640830
OL23__fb03-087__0019,OL23,fb03-087__0019,  1.78500000, -0.05000000,  0.07000000,  1.74250000,  0.00300000,0,  0.04250000, -0.05300000,0, 57.08920678, 38.72566544,  0.09754614,  0.06793563
OL23__fb03-087__0020,OL23,fb03-087__0020,  1.78500000, -0.05000000,  0.07000000,  1.74600000,  0.00325000,0,  0.03900000, -0.05325000,0, 56.39454563, 36.21883727,  0.09621103,  0.06600426
OL23__fb03-087__0021,OL23,fb03-087__0021,  1.78500000, -0.05000000,  0.07000000,  1.74700000,  0.00425000,0,  0.03800000, -0.05425000,0, 55.74077614, 35.00973689,  0.09636941,  0.06623490
OL23__fb03-087__0024,OL23,fb03-087__0024,  1.78500000, -0.05000000,  0.07000000,  1.74200000,  0.00425000,0,  0.04300000, -0.05425000,0, 56.56086766, 38.40128421,  0.09844827,  0.06922472
OL23__fb03-087__0027,OL23,fb03-087__0027,  1.78500000, -0.05000000,  0.07000000,  1.74600000,  0.00245000,0,  0.03900000, -0.05245000,0, 56.79316694, 36.63321202,  0.09577057,  0.06536056
OL23__fb03-087__0030,OL23,fb03-087__0030,  1.78500000, -0.05000000,  0.07000000,  1.75050000,  0.01000000,0,  0.03450000, -0.06000000,0, 52.44562219, 29.89890184,  0.09843907,  0.06921163
OL23__fb03-087__0031,OL23,fb03-087__0031,  1.78500000, -0.05000000,  0.07000000,  1.74450000,  0.00695000,0,  0.04050000, -0.05695000,0, 54.84676029, 35.41854010,  0.09891184,  0.06988242
OL23__fb03-087__0037,OL23,fb03-087__0037,  1.78500000, -0.05000000,  0.07000000,  1.75450000,  0.00275000,0,  0.03050000, -0.05275000,0, 55.36164575, 30.03646035,  0.09280524,  0.06093285
OL23__fb03-087__0038,OL23,fb03-087__0038,  1.78500000, -0.05000000,  0.07000000,  1.74400000,  0.00050000,0,  0.04100000, -0.05050000,0, 58.09737650, 39.07249581,  0.09555757,  0.06504806
OL23__fb03-087__0040,OL23,fb03-087__0040,  1.78500000, -0.05000000,  0.07000000,  1.74500000, -0.00190000,0,  0.04000000, -0.04810000,0, 59.17939891, 39.74693851,  0.09388083,  0.06255885
OL23__fb03-087__0043,OL23,fb03-087__0043,  1.78500000, -0.05000000,  0.07000000,  1.74900000,  0.00425000,0,  0.03600000, -0.05425000,0, 55.42546445, 33.56803197,  0.09559844,  0.06510808
OL23__fb03-087__0044,OL23,fb03-087__0044,  1.78500000, -0.05000000,  0.07000000,  1.74200000, -0.00125000,0,  0.04300000, -0.04875000,0, 59.31467994, 41.41394624,  0.09552781,  0.06500433
OL23__fb03-087__0049,OL23,fb03-087__0049,  1.78500000, -0.05000000,  0.07000000,  1.74200000,  0.00325000,0,  0.04300000, -0.05325000,0, 57.04924258, 38.92128176,  0.09790078,  0.06844386
OL23__fb03-087__0050,OL23,fb03-087__0050,  1.78500000, -0.05000000,  0.07000000,  1.74750000,  0.00225000,0,  0.03750000, -0.05225000,0, 56.65660963, 35.66713030,  0.09505952,  0.06431417
OL23__fb03-087__0052,OL23,fb03-087__0052,  1.78500000, -0.05000000,  0.07000000,  1.74450000,  0.00535000,0,  0.04050000, -0.05535000,0, 55.61161898, 36.19320731,  0.09799935,  0.06858478
OL23__fb03-087__0055,OL23,fb03-087__0055,  1.78500000, -0.05000000,  0.07000000,  1.75200000,  0.00175000,0,  0.03300000, -0.05175000,0, 56.22923905, 32.52489029,  0.09309706,  0.06137640
OL23__fb03-087__0059,OL23,fb03-087__0059,  1.78500000, -0.05000000,  0.07000000,  1.74200000,  0.00375000,0,  0.04300000, -0.05375000,0, 56.80437423, 38.65980825,  0.09817363,  0.06883359
OL23__fb03-087__0061,OL23,fb03-087__0061,  1.78500000, -0.05000000,  0.07000000,  1.74650000,  0.00350000,0,  0.03850000, -0.05350000,0, 56.19059847, 35.73977847,  0.09614832,  0.06591282
OL23__fb03-087__0062,OL23,fb03-087__0062,  1.78500000, -0.05000000,  0.07000000,  1.74650000,  0.00525000,0,  0.03850000, -0.05525000,0, 55.33285887, 34.87004032,  0.09713296,  0.06734102
OL23__fb03-087__0069,OL23,fb03-087__0069,  1.78500000, -0.05000000,  0.07000000,  1.74450000,  0.00030000,0,  0.04050000, -0.05030000,0, 58.11954603, 38.83993949,  0.09523833,  0.06457817
OL23__fb03-087__0072,OL23,fb03-087__0072,  1.78500000, -0.05000000,  0.07000000,  1.74650000,  0.00500000,0,  0.03850000, -0.05500000,0, 55.45432408, 34.99202020,  0.09699098,  0.06713606
OL23__fb03-087__0075,OL23,fb03-087__0075,  1.78500000, -0.05000000,  0.07000000,  1.74600000, -0.00075000,0,  0.03900000, -0.04925000,0, 58.42438965, 38.37493413,  0.09405617,  0.06282167
OL23__fb03-087__0076,OL23,fb03-087__0076,  1.78500000, -0.05000000,  0.07000000,  1.74500000,  0.00125000,0,  0.04000000, -0.05125000,0, 57.55677680, 37.97160376,  0.09553304,  0.06501202
OL23__fb03-087__0077,OL23,fb03-087__0077,  1.78500000, -0.05000000,  0.07000000,  1.74700000,  0.00450000,0,  0.03800000, -0.05450000,0, 55.61810810, 34.88604785,  0.09651036,  0.06643982
OL23__fb03-087__0081,OL23,fb03-087__0081,  1.78500000, -0.05000000,  0.07000000,  1.74050000,  0.00225000,0,  0.04450000, -0.05225000,0, 57.79242582, 40.42019440,  0.09803220,  0.06863172
OL23__fb03-087__0085,OL23,fb03-087__0085,  1.78500000, -0.05000000,  0.07000000,  1.74300000, -0.00275000,0,  0.04200000, -0.04725000,0, 59.93740998, 41.63353934,  0.09432159,  0.06321837
OL23__fb03-087__0088,OL23,fb03-087__0088,  1.78500000, -0.05000000,  0.07000000,  1.74700000,  0.00525000,0,  0.03800000, -0.05525000,0, 55.25225227, 34.51952448,  0.09693587,  0.06705641
OL23__fb03-087__0089,OL23,fb03-087__0089,  1.78500000, -0.05000000,  0.07000000,  1.74600000,  0.00225000,0,  0.03900000, -0.05225000,0, 56.89339431, 36.73808243,  0.09566119,  0.06520017
OL23__fb03-087__0095,OL23,fb03-087__0095,  1.78500000, -0.05000000,  0.07000000,  1.74600000,  0.00525000,0,  0.03900000, -0.05525000,0, 55.41394169, 35.21759297,  0.09733223,  0.06762812
OL23__fb03-087__0099,OL23,fb03-087__0099,  1.78500000, -0.05000000,  0.07000000,  1.74600000,  0.00375000,0,  0.03900000, -0.05375000,0, 56.14726269, 35.96394050,  0.09648867,  0.06640830
OL23__fb03-087__0100,OL23,fb03-087__0100,  1.78500000, -0.05000000,  0.07000000,  1.74550000,  0.00350000,0,  0.03950000, -0.05350000,0, 56.35130217, 36.43911043,  0.09655309,  0.06650188
OL23__fb03-087__0102,OL23,fb03-087__0102,  1.78500000, -0.05000000,  0.07000000,  1.74650000,  0.00300000,0,  0.03850000, -0.05300000,0, 56.43888428, 35.99522087,  0.09587101,  0.06550763
OL23__fb03-087__0109,OL23,fb03-087__0109,  1.78500000, -0.05000000,  0.07000000,  1.74650000,  0.00635000,0,  0.03850000, -0.05635000,0, 54.80262437, 34.34205394,  0.09776284,  0.06824641
OL23__fb03-087__0110,OL23,fb03-087__0110,  1.78500000, -0.05000000,  0.07000000,  1.75500000,  0.00100000,0,  0.03000000, -0.05100000,0, 56.19125091, 30.46554492,  0.09165697,  0.05916925
OL23__fb03-087__0111,OL23,fb03-087__0111,  1.78500000, -0.05000000,  0.07000000,  1.74550000,  0.00500000,0,  0.03950000, -0.05500000,0, 55.61668705, 35.68522025,  0.09739225,  0.06771447
OL23__fb03-087__0118,OL23,fb03-087__0118,  1.78500000, -0.05000000,  0.07000000,  1.74300000, -0.00150000,0,  0.04200000, -0.04850000,0, 59.28460201, 40.89188782,  0.09495394,  0.06415801
OL23__fb03-087__0120,OL23,fb03-087__0120,  1.78500000, -0.05000000,  0.07000000,  1.74700000,  0.00400000,0,  0.03800000, -0.05400000,0, 55.86380299, 35.13419306,  0.09622889,  0.06603030
OL23__fb03-087__0126,OL23,fb03-087__0126,  1.78500000, -0.05000000,  0.07000000,  1.74400000, -0.00050000,0,  0.04100000, -0.04950000,0, 58.60921778, 39.63436907,  0.09503289,  0.06427480
OL23__fb03-087__0128,OL23,fb03-087__0128,  1.78500000, -0.05000000,  0.07000000,  1.74800000,  0.00625000,0,  0.03700000, -0.05625000,0, 54.60874070, 33.33603014,  0.09712395,  0.06732802
OL23__fb03-087__0129,OL23,fb03-087__0129,  1.78500000, -0.05000000,  0.07000000,  1.74350000,  0.00125000,0,  0.04150000, -0.05125000,0, 57.79796476, 38.99903330,  0.09617075,  0.06594553
OL23__fb03-087__0131,OL23,fb03-087__0131,  1.78500000, -0.05000000,  0.07000000,  1.74300000,  0.00000000,0,  0.04200000, -0.05000000,0, 58.51274117, 40.03025927,  0.09572878,  0.06529931
OL24__fb03-087__0004,OL24,fb03-087__0004,  2.03500000, -0.05000000,  0.07000000,  1.74750000,  0.00505000,0,  0.28750000, -0.05505000,0, 79.46100094, 79.16030808,  0.30097633,  0.29272300
OL24__fb03-087__0009,OL24,fb03-087__0009,  2.03500000, -0.05000000,  0.07000000,  1.74250000,  0.00375000,0,  0.29250000, -0.05375000,0, 79.86739844, 79.58745482,  0.30552465,  0.29739757
OL24__fb03-087__0018,OL24,fb03-087__0018,  2.03500000, -0.05000000,  0.07000000,  1.74600000,  0.00375000,0,  0.28900000, -0.05375000,0, 79.75389003, 79.46415856,  0.30217555,  0.29395589
OL24__fb03-087__0019,OL24,fb03-087__0019,  2.03500000, -0.05000000,  0.07000000,  1.74250000,  0.00300000,0,  0.29250000, -0.05300000,0, 80.00591364, 79.72963271,  0.30539360,  0.29726293
OL24__fb03-087__0020,OL24,fb03-087__0020,  2.03500000, -0.05000000,  0.07000000,  1.74600000,  0.00325000,0,  0.28900000, -0.05325000,0, 79.84721099, 79.56000166,  0.30208701,  0.29386487
OL24__fb03-087__0021,OL24,fb03-087__0021,  2.03500000, -0.05000000,  0.07000000,  1.74700000,  0.00425000,0,  0.28800000, -0.05425000,0, 79.62745739, 79.33230551,  0.30130892,  0.29306495
OL24__fb03-087__0024,OL24,fb03-087__0024,  2.03500000, -0.05000000,  0.07000000,  1.74200000,  0.00425000,0,  0.29300000, -0.05425000,0, 79.79127963, 79.51027360,  0.30609159,  0.29797997
OL24__fb03-087__0027,OL24,fb03-087__0027,  2.03500000, -0.05000000,  0.07000000,  1.74600000,  0.00245000,0,  0.28900000, -0.05245000,0, 79.99663762, 79.71347338,  0.30194702,  0.29372096
OL24__fb03-087__0030,OL24,fb03-087__0030,  2.03500000, -0.05000000,  0.07000000,  1.75050000,  0.01000000,0,  0.28450000, -0.06000000,0, 78.42649845, 78.09104410,  0.29906563,  0.29075806
OL24__fb03-087__0031,OL24,fb03-087__0031,  2.03500000, -0.05000000,  0.07000000,  1.74450000,  0.00695000,0,  0.29050000, -0.05695000,0, 79.20961359, 78.90832526,  0.30419328,  0.29602965
OL24__fb03-087__0037,OL24,fb03-087__0037,  2.03500000, -0.05000000,  0.07000000,  1.75450000,  0.00275000,0,  0.28050000, -0.05275000,0, 79.65949187, 79.34951568,  0.29387551,  0.28541691
OL24__fb03-087__0038,OL24,fb03-087__0038,  2.03500000, -0.05000000,  0.07000000,  1.74400000,  0.00050000,0,  0.29100000, -0.05050000,0, 80.42288350, 80.15496745,  0.30353130,  0.29534937
OL24__fb03-087__0040,OL24,fb03-087__0040,  2.03500000, -0.05000000,  0.07000000,  1.74500000, -0.00190000,0,  0.29000000, -0.04810000,0, 80.84093411, 80.58253774,  0.30218142,  0.29396192
OL24__fb03-087__0043,OL24,fb03-087__0043,  2.03500000, -0.05000000,  0.07000000,  1.74900000,  0.00425000,0,  0.28600000, -0.05425000,0, 79.56050846, 79.25943585,  0.29939783,  0.29109975
OL24__fb03-087__0044,OL24,fb03-087__0044,  2.03500000, -0.05000000,  0.07000000,  1.74200000, -0.00125000,0,  0.29300000, -0.04875000,0, 80.80762934, 80.55353383,  0.30516481,  0.29702788
OL24__fb03-087__0049,OL24,fb03-087__0049,  2.03500000, -0.05000000,  0.07000000,  1.74200000,  0.00325000,0,  0.29300000, -0.05325000,0, 79.97560741, 79.69945566,  0.30591594,  0.29779953
OL24__fb03-087__0050,OL24,fb03-087__0050,  2.03500000, -0.05000000,  0.07000000,  1.74750000,  0.00225000,0,  0.28750000, -0.05225000,0, 79.98591356, 79.69953796,  0.30047681,  0.29220936
OL24__fb03-087__0052,OL24,fb03-087__0052,  2.03500000, -0.05000000,  0.07000000,  1.74450000,  0.00535000,0,  0.29050000, -0.05535000,0, 79.50593935, 79.21253006,  0.30389780,  0.29572601
OL24__fb03-087__0055,OL24,fb03-087__0055,  2.03500000, -0.05000000,  0.07000000,  1.75200000,  0.00175000,0,  0.28300000, -0.05175000,0, 79.93413510, 79.63726103,  0.29608624,  0.28769265
OL24__fb03-087__0059,OL24,fb03-087__0059,  2.03500000, -0.05000000,  0.07000000,  1.74200000,  0.00375000,0,  0.29300000, -0.05375000,0, 79.88341707, 79.60483598,  0.30600337,  0.29788935
OL24__fb03-087__0061,OL24,fb03-087__0061,  2.03500000, -0.05000000,  0.07000000,  1.74650000,  0.00350000,0,  0.28850000, -0.05350000,0, 79.78420027, 79.49430038,  0.30165295,  0.29341864
OL24__fb03-087__0062,OL24,fb03-087__0062,  2.03500000, -0.05000000,  0.07000000,  1.74650000,  0.00525000,0,  0.28850000, -0.05525000,0, 79.45741562, 79.15867554,  0.30196823,  0.29374277
OL24__fb03-087__0069,OL24,fb03-087__0069,  2.03500000, -0.05000000,  0.07000000,  1.74450000,  0.00030000,0,  0.29050000, -0.05030000,0, 80.44488069, 80.17664855,  0.30301871,  0.29482256
OL24__fb03-087__0072,OL24,fb03-087__0072,  2.03500000, -0.05000000,  0.07000000,  1.74650000,  0.00500000,0,  0.28850000, -0.05500000,0, 79.50405720, 79.20657642,  0.30192259,  0.29369585
OL24__fb03-087__0075,OL24,fb03-087__0075,  2.03500000, -0.05000000,  0.07000000,  1.74600000, -0.00075000,0,  0.28900000, -0.04925000,0, 80.59570165, 80.32883387,  0.30140764,  0.29316644
OL24__fb03-087__0076,OL24,fb03-087__0076,  2.03500000, -0.05000000,  0.07000000,  1.74500000,  0.00125000,0,  0.29000000, -0.05125000,0, 80.25228380, 79.97793223,  0.30269880,  0.29449374
OL24__fb03-087__0077,OL24,fb03-087__0077,  2.03500000, -0.05000000,  0.07000000,  1.74700000,  0.00450000,0,  0.28800000, -0.05450000,0, 79.58070220, 79.28428147,  0.30135403,  0.29311133
OL24__fb03-087__0081,OL24,fb03-087__0081,  2.03500000, -0.05000000,  0.07000000,  1.74050000,  0.00225000,0,  0.29450000, -0.05225000,0, 80.20665599, 79.93931020,  0.30718124,  0.29909917
OL24__fb03-087__0085,OL24,fb03-087__0085,  2.03500000, -0.05000000,  0.07000000,  1.74300000, -0.00275000,0,  0.29200000, -0.04725000,0, 81.05745350, 80.80835196,  0.30396803,  0.29579818
OL24__fb03-087__0088,OL24,fb03-087__0088,  2.03500000, -0.05000000,  0.07000000,  1.74700000,  0.00525000,0,  0.28800000, -0.05525000,0, 79.44052104, 79.14030097,  0.30149057,  0.29325171
OL24__fb03-087__0089,OL24,fb03-087__0089,  2.03500000, -0.05000000,  0.07000000,  1.74600000,  0.00225000,0,  0.28900000, -0.05225000,0, 80.03401585, 79.75186473,  0.30191234,  0.29368531
OL24__fb03-087__0095,OL24,fb03-087__0095,  2.03500000, -0.05000000,  0.07000000,  1.74600000,  0.00525000,0,  0.28900000, -0.05525000,0, 79.47425846, 79.17698877,  0.30244597,  0.29423386
OL24__fb03-087__0099,OL24,fb03-087__0099,  2.03500000, -0.05000000,  0.07000000,  1.74600000,  0.00375000,0,  0.28900000, -0.05375000,0, 79.75389003, 79.46415856,  0.30217555,  0.29395589
OL24__fb03-087__0100,OL24,fb03-087__0100,  2.03500000, -0.05000000,  0.07000000,  1.74550000,  0.00350000,0,  0.28950000, -0.05350000,0, 79.81683698, 79.52978565,  0.30260948,  0.29440194
OL24__fb03-087__0102,OL24,fb03-087__0102,  2.03500000, -0.05000000,  0.07000000,  1.74650000,  0.00300000,0,  0.28850000, -0.05300000,0, 79.87769179, 79.59032832,  0.30156467,  0.29332789
OL24__fb03-087__0109,OL24,fb03-087__0109,  2.03500000, -0.05000000,  0.07000000,  1.74650000,  0.00635000,0,  0.28850000, -0.05635000,0, 79.25236126, 78.94809461,  0.30217143,  0.29395165
OL24__fb03-087__0110,OL24,fb03-087__0110,  2.03500000, -0.05000000,  0.07000000,  1.75500000,  0.00100000,0,  0.28000000, -0.05100000,0, 79.97902184, 79.67714732,  0.29308872,  0.28460675
OL24__fb03-087__0111,OL24,fb03-087__0111,  2.03500000, -0.05000000,  0.07000000,  1.74550000,  0.00500000,0,  0.28950000, -0.05500000,0, 79.53754925, 79.24298800,  0.30287828,  0.29467821
OL24__fb03-087__0118,OL24,fb03-087__0118,  2.03500000, -0.05000000,  0.07000000,  1.74300000, -0.00150000,0,  0.29200000, -0.04850000,0, 80.82485146, 80.56949994,  0.30416484,  0.29600042
OL24__fb03-087__0120,OL24,fb03-087__0120,  2.03500000, -0.05000000,  0.07000000,  1.74700000,  0.00400000,0,  0.28800000, -0.05400000,0, 79.67422654, 79.38034472,  0.30126400,  0.29301877
OL24__fb03-087__0126,OL24,fb03-087__0126,  2.03500000, -0.05000000,  0.07000000,  1.74400000, -0.00050000,0,  0.29100000, -0.04950000,0, 80.60911803, 80.34621391,  0.30336653,  0.29518003
OL24__fb03-087__0128,OL24,fb03-087__0128,  2.03500000, -0.05000000,  0.07000000,  1.74800000,  0.00625000,0,  0.28700000, -0.05625000,0, 79.21929459, 78.91098897,  0.30072090,  0.29246036
OL24__fb03-087__0129,OL24,fb03-087__0129,  2.03500000, -0.05000000,  0.07000000,  1.74350000,  0.00125000,0,  0.29150000, -0.05125000,0, 80.29879886, 80.02846611,  0.30413617,  0.29597097
OL24__fb03-087__0131,OL24,fb03-087__0131,  2.03500000, -0.05000000,  0.07000000,  1.74300000,  0.00000000,0,  0.29200000, -0.05000000,0, 80.54613177, 80.28331418,  0.30440762,  0.29624989
