index,expr_id,datacase,gougeevent_id,AEsensor,Qinv_quart,M0,Tw,Tshift,stf_type,peakSTFamp,fitting_flag,error_fraction,error_thresh,RMSE,SNR_sensor,SNR_thresh,validflag
fb03-087__OL23,fb03-087,fb03-087__0004,4,23,50,3.59696370e-01,2.52632129e-06,2.67009350e-08,cosine,2.84758897e+05,True,5.79320649e-03,6.00000000e-02,1.64966709e+03,1.51881151e+01,4.50000000e+00,1
fb03-087__OL07,fb03-087,fb03-087__0004,4,7,50,6.64095807e-01,2.75977095e-06,-1.68031172e-08,cosine,4.81268786e+05,True,8.78946408e-03,6.00000000e-02,4.23009471e+03,2.39979373e+01,4.50000000e+00,1
fb03-087__OL08,fb03-087,fb03-087__0004,4,8,50,5.65187521e-01,2.38906653e-06,3.45264108e-08,cosine,4.73145066e+05,True,3.97251873e-03,6.00000000e-02,1.87957764e+03,2.72355536e+01,4.50000000e+00,1
fb03-087__OL22,fb03-087,fb03-087__0004,4,22,50,7.81446802e-01,2.56030128e-06,-2.86077164e-08,cosine,6.10433243e+05,True,1.09494958e-02,6.00000000e-02,6.68393624e+03,2.97514068e+01,4.50000000e+00,1
fb03-087__OL23,fb03-087,fb03-087__0009,9,23,50,3.71831585e-02,2.71490338e-06,-1.91791263e-07,cosine,2.73918743e+04,True,5.93222590e-02,6.00000000e-02,1.62494786e+03,8.75687980e+00,4.50000000e+00,1
fb03-087__OL07,fb03-087,fb03-087__0009,9,7,50,5.07682226e-02,2.59868439e-06,-1.14133675e-07,cosine,3.90722353e+04,True,2.46737849e-02,6.00000000e-02,9.64059928e+02,1.53304940e+01,4.50000000e+00,1
fb03-087__OL08,fb03-087,fb03-087__0009,9,8,50,4.57360708e-02,1.98225041e-06,-1.15153304e-07,cosine,4.61455745e+04,True,2.39358812e-02,6.00000000e-02,1.10453499e+03,1.61220093e+01,4.50000000e+00,1
fb03-087__OL22,fb03-087,fb03-087__0009,9,22,50,5.42768480e-02,2.08925627e-06,-7.10101210e-08,cosine,5.19580567e+04,True,4.55560867e-02,6.00000000e-02,2.36700574e+03,5.34388363e+00,4.50000000e+00,1
fb03-087__OL23,fb03-087,fb03-087__0018,18,23,50,5.27884671e-01,3.29750962e-06,-1.29971851e-07,cosine,3.20171725e+05,True,3.15024178e-02,6.00000000e-02,1.00861834e+04,9.52238365e+00,4.50000000e+00,1
fb03-087__OL07,fb03-087,fb03-087__0018,18,7,50,7.24351329e-01,2.79541348e-06,-1.39413989e-08,cosine,5.18242710e+05,True,9.16810999e-03,6.00000000e-02,4.75130617e+03,1.15207084e+01,4.50000000e+00,1
fb03-087__OL08,fb03-087,fb03-087__0018,18,8,50,7.74688727e-01,2.81023732e-06,-9.30578921e-08,cosine,5.51333142e+05,True,2.63820516e-02,6.00000000e-02,1.45452994e+04,1.11680093e+01,4.50000000e+00,1
fb03-087__OL22,fb03-087,fb03-087__0018,18,22,50,9.96393583e-01,2.55912499e-06,-2.87995738e-08,cosine,7.78698646e+05,True,7.82503509e-03,6.00000000e-02,6.09334423e+03,2.07983112e+01,4.50000000e+00,1
fb03-087__OL23,fb03-087,fb03-087__0019,19,23,50,3.94590562e-02,2.74944346e-06,-1.66121665e-07,cosine,2.87033043e+04,True,4.51161993e-02,6.00000000e-02,1.29498400e+03,1.77919945e+01,4.50000000e+00,1
fb03-087__OL07,fb03-087,fb03-087__0019,19,7,50,5.56881837e-02,2.60988019e-06,-1.12935397e-07,cosine,4.26748966e+04,True,2.54767759e-02,6.00000000e-02,1.08721878e+03,2.07154507e+01,4.50000000e+00,1
fb03-087__OL08,fb03-087,fb03-087__0019,19,8,50,4.87288436e-02,2.12130856e-06,-7.98778181e-09,cosine,4.59422495e+04,True,1.79884599e-02,6.00000000e-02,8.26430315e+02,8.65523733e+00,4.50000000e+00,1
fb03-087__OL22,fb03-087,fb03-087__0019,19,22,50,7.91453664e-02,2.45729929e-06,-2.04644973e-07,cosine,6.44165461e+04,True,5.22869017e-02,6.00000000e-02,3.36814161e+03,2.23594043e+01,4.50000000e+00,1
fb03-087__OL23,fb03-087,fb03-087__0020,20,23,50,6.01122171e-01,2.92119561e-06,-6.66452368e-08,cosine,4.11559000e+05,True,3.33560128e-02,6.00000000e-02,1.37279673e+04,1.09541085e+01,4.50000000e+00,1
fb03-087__OL07,fb03-087,fb03-087__0020,20,7,50,8.42966014e-01,2.82222731e-06,-1.62627617e-08,cosine,5.97376227e+05,True,1.14887264e-02,6.00000000e-02,6.86309203e+03,1.54018165e+01,4.50000000e+00,1
fb03-087__OL08,fb03-087,fb03-087__0020,20,8,50,9.06192769e-01,2.71319181e-06,-6.77253925e-08,cosine,6.67990199e+05,True,1.87843041e-02,6.00000000e-02,1.25477310e+04,1.12138634e+01,4.50000000e+00,1
fb03-087__OL22,fb03-087,fb03-087__0020,20,22,50,1.11158220e+00,2.60834542e-06,-5.37836006e-08,cosine,8.52327144e+05,True,9.24919983e-03,6.00000000e-02,7.88334408e+03,2.31546272e+01,4.50000000e+00,1
fb03-087__OL23,fb03-087,fb03-087__0021,21,23,50,1.71156471e-02,2.23721461e-06,-7.79339846e-08,cosine,1.53008541e+04,True,2.55777712e-02,6.00000000e-02,3.91361745e+02,2.31285982e+01,4.50000000e+00,1
fb03-087__OL07,fb03-087,fb03-087__0021,21,7,50,2.12498479e-02,2.60928840e-06,-1.53507163e-07,cosine,1.62878491e+04,True,3.13877067e-02,6.00000000e-02,5.11238230e+02,2.63644748e+01,4.50000000e+00,1
fb03-087__OL08,fb03-087,fb03-087__0021,21,8,50,2.49058884e-02,2.09732794e-06,1.27489177e-09,cosine,2.37501136e+04,True,2.37893363e-02,6.00000000e-02,5.64999439e+02,2.33233165e+01,4.50000000e+00,1
fb03-087__OL22,fb03-087,fb03-087__0021,21,22,50,2.25922404e-02,2.29611609e-06,-1.07025498e-07,cosine,1.96786477e+04,True,2.68664191e-02,6.00000000e-02,5.28694797e+02,1.79490543e+01,4.50000000e+00,1
fb03-087__OL23,fb03-087,fb03-087__0024,24,23,50,4.33097007e-02,2.77599570e-06,-1.77999530e-07,cosine,3.12030027e+04,True,4.46717803e-02,6.00000000e-02,1.39389368e+03,1.25384359e+01,4.50000000e+00,1
fb03-087__OL07,fb03-087,fb03-087__0024,24,7,50,6.41626698e-02,2.59868743e-06,-1.11598328e-07,cosine,4.93808108e+04,True,2.29767813e-02,6.00000000e-02,1.13461209e+03,1.34460864e+01,4.50000000e+00,1
fb03-087__OL08,fb03-087,fb03-087__0024,24,8,50,6.08837545e-02,2.13429893e-06,1.66899828e-08,cosine,5.70526655e+04,True,1.43158036e-02,6.00000000e-02,8.16754757e+02,2.17944975e+01,4.50000000e+00,1
fb03-087__OL22,fb03-087,fb03-087__0024,24,22,50,9.42004227e-02,2.34905191e-06,-8.65813540e-08,cosine,8.02029297e+04,True,4.73204945e-02,6.00000000e-02,3.79524229e+03,1.50537633e+01,4.50000000e+00,1
fb03-087__OL23,fb03-087,fb03-087__0027,27,23,50,4.72919948e-01,2.43856197e-06,2.24306263e-08,cosine,3.87867733e+05,True,9.81919138e-03,6.00000000e-02,3.80854750e+03,1.82634157e+01,4.50000000e+00,1
fb03-087__OL07,fb03-087,fb03-087__0027,27,7,50,8.12283852e-01,2.79865416e-06,-1.05846729e-08,cosine,5.80481581e+05,True,1.24074176e-02,6.00000000e-02,7.20227736e+03,2.39779171e+01,4.50000000e+00,1
fb03-087__OL08,fb03-087,fb03-087__0027,27,8,50,7.85642388e-01,2.34613807e-06,-1.45742182e-08,cosine,6.69732140e+05,True,1.61894793e-02,6.00000000e-02,1.08426146e+04,2.51111898e+01,4.50000000e+00,1
fb03-087__OL22,fb03-087,fb03-087__0027,27,22,50,9.69557537e-01,2.60309806e-06,-4.09196019e-08,cosine,7.44925864e+05,True,8.07853591e-03,6.00000000e-02,6.01791034e+03,3.10969428e+01,4.50000000e+00,1
fb03-087__OL23,fb03-087,fb03-087__0030,30,23,50,5.88396766e-02,2.77490596e-06,-2.57957711e-07,cosine,4.24083976e+04,True,5.06443589e-02,6.00000000e-02,2.14774611e+03,8.55446677e+00,4.50000000e+00,1
fb03-087__OL07,fb03-087,fb03-087__0030,30,7,50,4.40488054e-02,2.44597565e-06,-1.50918157e-07,cosine,3.60173703e+04,True,4.19389868e-02,6.00000000e-02,1.51053202e+03,6.40745132e+00,4.50000000e+00,1
fb03-087__OL08,fb03-087,fb03-087__0030,30,8,50,2.98856057e-02,1.66599892e-06,-1.23999335e-07,cosine,3.58771010e+04,True,2.83641025e-02,6.00000000e-02,1.01762177e+03,3.81404113e+00,4.50000000e+00,0
fb03-087__OL22,fb03-087,fb03-087__0030,30,22,50,7.85643059e-02,2.32917654e-06,-1.56250090e-07,cosine,6.74610143e+04,True,2.62888517e-02,6.00000000e-02,1.77347260e+03,3.39599169e+00,4.50000000e+00,0
fb03-087__OL23,fb03-087,fb03-087__0031,31,23,50,6.22259933e-01,2.43323269e-06,1.60125114e-08,cosine,5.11467675e+05,True,1.16131097e-02,6.00000000e-02,5.93973023e+03,1.70976112e+01,4.50000000e+00,1
fb03-087__OL07,fb03-087,fb03-087__0031,31,7,50,1.05301154e+00,2.85321637e-06,-2.76843186e-08,cosine,7.38122458e+05,True,8.98614780e-03,6.00000000e-02,6.63287751e+03,1.74830342e+01,4.50000000e+00,1
fb03-087__OL08,fb03-087,fb03-087__0031,31,8,50,9.62501986e-01,2.38695684e-06,5.17614102e-09,cosine,8.06467508e+05,True,6.89656465e-03,6.00000000e-02,5.56185531e+03,1.51419871e+01,4.50000000e+00,1
fb03-087__OL22,fb03-087,fb03-087__0031,31,22,50,1.25078973e+00,2.66267548e-06,-8.58945092e-08,cosine,9.39498114e+05,True,2.04491492e-02,6.00000000e-02,1.92119371e+04,2.36519141e+01,4.50000000e+00,1
fb03-087__OL23,fb03-087,fb03-087__0037,37,23,50,2.63358433e-02,1.93658986e-06,-1.33646663e-07,cosine,2.71981450e+04,True,3.63579217e-02,6.00000000e-02,9.88868027e+02,9.99754049e+00,4.50000000e+00,1
fb03-087__OL07,fb03-087,fb03-087__0037,37,7,50,2.52604309e-02,2.69862376e-06,-1.15805251e-07,cosine,1.87209663e+04,True,3.41238691e-02,6.00000000e-02,6.38831805e+02,4.78045743e+00,4.50000000e+00,1
fb03-087__OL08,fb03-087,fb03-087__0037,37,8,50,2.16562498e-02,1.73027776e-06,-1.24189742e-07,cosine,2.50320873e+04,True,4.16190926e-02,6.00000000e-02,1.04181276e+03,7.52334625e+00,4.50000000e+00,1
fb03-087__OL22,fb03-087,fb03-087__0037,37,22,50,8.76083565e-02,2.43709035e-06,-1.40998942e-07,cosine,7.18958627e+04,True,3.75606134e-02,6.00000000e-02,2.70045271e+03,3.91301546e+00,4.50000000e+00,0
fb03-087__OL23,fb03-087,fb03-087__0038,38,23,50,2.00103120e-01,2.13328611e-06,-2.96237360e-08,cosine,1.87600827e+05,True,1.62427954e-02,6.00000000e-02,3.04716185e+03,2.20297144e+01,4.50000000e+00,1
fb03-087__OL07,fb03-087,fb03-087__0038,38,7,50,2.84147832e-01,2.57773885e-06,-1.15862122e-07,cosine,2.20462854e+05,True,1.73759998e-02,6.00000000e-02,3.83076250e+03,2.58067166e+01,4.50000000e+00,1
fb03-087__OL08,fb03-087,fb03-087__0038,38,8,50,2.02432821e-01,2.03306563e-06,9.17318131e-09,cosine,1.99140468e+05,True,1.27943264e-02,6.00000000e-02,2.54786814e+03,1.35310507e+01,4.50000000e+00,1
fb03-087__OL22,fb03-087,fb03-087__0038,38,22,50,3.97370673e-01,2.27320699e-06,-4.95790736e-08,cosine,3.49612399e+05,True,2.86185875e-02,6.00000000e-02,1.00054130e+04,1.86576659e+01,4.50000000e+00,1
fb03-087__OL23,fb03-087,fb03-087__0040,40,23,50,1.77913846e-01,2.13304201e-06,-2.51739243e-08,cosine,1.66817010e+05,True,1.66173752e-02,6.00000000e-02,2.77206085e+03,3.05713323e+01,4.50000000e+00,1
fb03-087__OL07,fb03-087,fb03-087__0040,40,7,50,1.84095289e-01,2.41554683e-06,-3.62762143e-08,cosine,1.52425353e+05,True,9.80024890e-03,6.00000000e-02,1.49380640e+03,2.89502550e+01,4.50000000e+00,1
fb03-087__OL08,fb03-087,fb03-087__0040,40,8,50,1.89514553e-01,1.92794695e-06,-1.73109799e-09,cosine,1.96597269e+05,True,5.43381228e-03,6.00000000e-02,1.06827265e+03,2.42234792e+01,4.50000000e+00,1
fb03-087__OL22,fb03-087,fb03-087__0040,40,22,50,2.60631692e-01,2.16901589e-06,-5.79784628e-08,cosine,2.40322529e+05,True,2.21410286e-02,6.00000000e-02,5.32098799e+03,2.51471588e+01,4.50000000e+00,1
fb03-087__OL23,fb03-087,fb03-087__0043,43,23,50,1.39559361e-01,2.36376053e-06,-2.94278529e-08,cosine,1.18082487e+05,True,1.15211915e-02,6.00000000e-02,1.36045095e+03,1.97305424e+01,4.50000000e+00,1
fb03-087__OL07,fb03-087,fb03-087__0043,43,7,50,1.94679042e-01,2.62906701e-06,-8.09846795e-08,cosine,1.48097436e+05,True,1.15738396e-02,6.00000000e-02,1.71405597e+03,2.97749883e+01,4.50000000e+00,1
fb03-087__OL08,fb03-087,fb03-087__0043,43,8,50,2.48948167e-01,2.22380597e-06,-4.14252209e-08,cosine,2.23893784e+05,True,1.39263343e-02,6.00000000e-02,3.11801970e+03,1.55585543e+01,4.50000000e+00,1
fb03-087__OL22,fb03-087,fb03-087__0043,43,22,50,1.61570381e-01,2.23955271e-06,-4.38218073e-09,cosine,1.44288081e+05,True,6.00882128e-03,6.00000000e-02,8.67001291e+02,9.15599586e+00,4.50000000e+00,1
fb03-087__OL23,fb03-087,fb03-087__0044,44,23,50,4.95133910e-02,2.82836387e-06,-1.54519351e-07,cosine,3.50120266e+04,True,3.91106448e-02,6.00000000e-02,1.36934294e+03,1.53917618e+01,4.50000000e+00,1
fb03-087__OL07,fb03-087,fb03-087__0044,44,7,50,7.51727444e-02,2.60667184e-06,-1.96584851e-07,cosine,5.76771621e+04,True,2.80907507e-02,6.00000000e-02,1.62019478e+03,2.20990386e+01,4.50000000e+00,1
fb03-087__OL08,fb03-087,fb03-087__0044,44,8,50,6.54364077e-02,2.12119175e-06,6.46873156e-09,cosine,6.16977768e+04,True,1.64503432e-02,6.00000000e-02,1.01494960e+03,5.63790484e+00,4.50000000e+00,1
fb03-087__OL22,fb03-087,fb03-087__0044,44,22,50,8.76480165e-02,2.23703256e-06,-8.13360655e-08,cosine,7.83609663e+04,True,4.61260557e-02,6.00000000e-02,3.61448229e+03,9.56221838e+00,4.50000000e+00,1
fb03-087__OL23,fb03-087,fb03-087__0049,49,23,50,3.92794158e-02,2.67599122e-06,-1.66003738e-07,cosine,2.93569094e+04,True,4.43001967e-02,6.00000000e-02,1.30051686e+03,6.08950025e+00,4.50000000e+00,1
fb03-087__OL07,fb03-087,fb03-087__0049,49,7,50,8.02204612e-02,2.56426633e-06,-1.87357737e-07,cosine,6.25679400e+04,True,2.70757040e-02,6.00000000e-02,1.69407102e+03,7.57713182e+00,4.50000000e+00,1
fb03-087__OL08,fb03-087,fb03-087__0049,49,8,50,5.85226466e-02,2.04929641e-06,-3.12158915e-08,cosine,5.71148675e+04,True,2.46481206e-02,6.00000000e-02,1.40777415e+03,4.47212214e+00,4.50000000e+00,0
fb03-087__OL22,fb03-087,fb03-087__0049,49,22,50,3.99883107e-02,1.65810064e-06,-5.40382961e-08,cosine,4.82338330e+04,True,3.93957695e-02,6.00000000e-02,1.90020897e+03,1.78712046e+00,4.50000000e+00,0
fb03-087__OL23,fb03-087,fb03-087__0050,50,23,50,2.52487515e-01,2.54648818e-06,4.29177871e-08,cosine,1.98302447e+05,True,2.23360334e-02,6.00000000e-02,4.42929007e+03,2.49450039e+01,4.50000000e+00,1
fb03-087__OL07,fb03-087,fb03-087__0050,50,7,50,2.48050747e-01,2.65419977e-06,4.13631006e-08,cosine,1.86911824e+05,True,1.25590945e-02,6.00000000e-02,2.34744325e+03,2.20589520e+01,4.50000000e+00,1
fb03-087__OL08,fb03-087,fb03-087__0050,50,8,50,2.52400152e-01,2.18443704e-06,5.64599034e-08,cosine,2.31089308e+05,True,1.28116180e-02,6.00000000e-02,2.96062793e+03,9.97904297e+00,4.50000000e+00,1
fb03-087__OL22,fb03-087,fb03-087__0050,50,22,50,5.52567434e-01,2.93079166e-06,-1.08419156e-07,cosine,3.77077144e+05,True,3.47714457e-02,6.00000000e-02,1.31115175e+04,1.05137188e+01,4.50000000e+00,1
fb03-087__OL23,fb03-087,fb03-087__0052,52,23,50,3.03419670e-01,2.62500498e-06,-1.59178045e-08,cosine,2.31176453e+05,True,2.01083567e-02,6.00000000e-02,4.64857857e+03,1.67396167e+01,4.50000000e+00,1
fb03-087__OL07,fb03-087,fb03-087__0052,52,7,50,4.94566592e-01,2.82532604e-06,-7.81490774e-08,cosine,3.50095235e+05,True,1.53963407e-02,6.00000000e-02,5.39018551e+03,1.89252298e+01,4.50000000e+00,1
fb03-087__OL08,fb03-087,fb03-087__0052,52,8,50,5.82211829e-01,2.32106741e-06,-4.44565259e-09,cosine,5.01675933e+05,True,1.37678190e-02,6.00000000e-02,6.90698345e+03,2.24532130e+01,4.50000000e+00,1
fb03-087__OL22,fb03-087,fb03-087__0052,52,22,50,5.44353710e-01,2.63479673e-06,-8.70392152e-08,cosine,4.13203424e+05,True,1.44829972e-02,6.00000000e-02,5.98442405e+03,1.50407021e+01,4.50000000e+00,1
fb03-087__OL23,fb03-087,fb03-087__0055,55,23,50,3.04131815e-01,2.50676881e-06,-7.94176410e-08,cosine,2.42648380e+05,True,1.37945780e-02,6.00000000e-02,3.34723202e+03,9.66711834e+00,4.50000000e+00,1
fb03-087__OL07,fb03-087,fb03-087__0055,55,7,50,2.68396927e-01,2.51266585e-06,-1.07842102e-07,cosine,2.13635109e+05,True,1.07818795e-02,6.00000000e-02,2.30338800e+03,5.36460302e+00,4.50000000e+00,1
fb03-087__OL08,fb03-087,fb03-087__0055,55,8,50,1.73960831e-01,2.84684757e-06,-5.00000000e-07,cosine,1.22212920e+05,True,1.38953005e-01,6.00000000e-02,1.69818525e+04,6.68354236e+00,4.50000000e+00,0
fb03-087__OL22,fb03-087,fb03-087__0055,55,22,50,8.13287379e-01,3.74914217e-06,-5.00000000e-07,cosine,4.33852515e+05,True,1.22501012e-01,6.00000000e-02,5.31473721e+04,6.84468765e+00,4.50000000e+00,0
fb03-087__OL23,fb03-087,fb03-087__0059,59,23,50,4.92864330e-02,2.62681218e-06,-2.40481697e-07,cosine,3.75256486e+04,True,5.12198507e-02,6.00000000e-02,1.92205812e+03,2.30496391e+01,4.50000000e+00,1
fb03-087__OL07,fb03-087,fb03-087__0059,59,7,50,8.85630670e-02,2.58190593e-06,-1.74635476e-07,cosine,6.86028611e+04,True,2.42390370e-02,6.00000000e-02,1.66286729e+03,1.98239586e+01,4.50000000e+00,1
fb03-087__OL08,fb03-087,fb03-087__0059,59,8,50,6.08904006e-02,2.07979101e-06,-3.75142079e-08,cosine,5.85543454e+04,True,2.35838980e-02,6.00000000e-02,1.38093971e+03,1.90038955e+00,4.50000000e+00,0
fb03-087__OL22,fb03-087,fb03-087__0059,59,22,50,1.76602896e-01,3.18577616e-06,-2.86625594e-07,cosine,1.10869620e+05,True,5.14625886e-02,6.00000000e-02,5.70563763e+03,7.03395827e+00,4.50000000e+00,1
fb03-087__OL23,fb03-087,fb03-087__0061,61,23,50,4.65407772e-01,2.58125005e-06,2.45531501e-08,cosine,3.60606500e+05,True,1.24554634e-02,6.00000000e-02,4.49152106e+03,1.56230406e+01,4.50000000e+00,1
fb03-087__OL07,fb03-087,fb03-087__0061,61,7,50,7.78756451e-01,2.88379596e-06,-5.65186732e-08,cosine,5.40091229e+05,True,9.09422255e-03,6.00000000e-02,4.91170984e+03,1.96457865e+01,4.50000000e+00,1
fb03-087__OL08,fb03-087,fb03-087__0061,61,8,50,7.94318383e-01,2.41222685e-06,1.43870345e-08,cosine,6.58576572e+05,True,4.48960330e-03,6.00000000e-02,2.95674755e+03,2.51113244e+01,4.50000000e+00,1
fb03-087__OL22,fb03-087,fb03-087__0061,61,22,50,9.17675559e-01,2.57976865e-06,-6.74390660e-08,cosine,7.11440197e+05,True,2.13199955e-02,6.00000000e-02,1.51679018e+04,2.31256283e+01,4.50000000e+00,1
fb03-087__OL23,fb03-087,fb03-087__0062,62,23,50,3.69177134e-01,2.48529349e-06,5.68413922e-09,cosine,2.97089366e+05,True,1.36439804e-02,6.00000000e-02,4.05348149e+03,1.59567882e+01,4.50000000e+00,1
fb03-087__OL07,fb03-087,fb03-087__0062,62,7,50,6.45476924e-01,2.78924996e-06,-1.18332127e-08,cosine,4.62831897e+05,True,1.61722500e-02,6.00000000e-02,7.48503315e+03,2.45379860e+01,4.50000000e+00,1
fb03-087__OL08,fb03-087,fb03-087__0062,62,8,50,5.84513136e-01,2.37035469e-06,-2.07636510e-08,cosine,4.93186004e+05,True,1.87402445e-02,6.00000000e-02,9.24242629e+03,2.52526672e+01,4.50000000e+00,1
fb03-087__OL22,fb03-087,fb03-087__0062,62,22,50,7.60957192e-01,2.52085832e-06,-3.26366301e-08,cosine,6.03728412e+05,True,4.35600429e-03,6.00000000e-02,2.62984356e+03,3.18000311e+01,4.50000000e+00,1
fb03-087__OL23,fb03-087,fb03-087__0069,69,23,50,2.34063642e-01,2.11406483e-06,-1.82242013e-09,cosine,2.21434565e+05,True,1.09222294e-02,6.00000000e-02,2.41855910e+03,3.55564667e+01,4.50000000e+00,1
fb03-087__OL07,fb03-087,fb03-087__0069,69,7,50,2.29832312e-01,2.33255226e-06,-1.54162071e-08,cosine,1.97065001e+05,True,8.36472830e-03,6.00000000e-02,1.64839519e+03,3.34350901e+01,4.50000000e+00,1
fb03-087__OL08,fb03-087,fb03-087__0069,69,8,50,2.66527362e-01,1.90060708e-06,1.32149430e-08,cosine,2.80465313e+05,True,5.53309171e-03,6.00000000e-02,1.55184030e+03,2.73004875e+01,4.50000000e+00,1
fb03-087__OL22,fb03-087,fb03-087__0069,69,22,50,3.00536015e-01,2.10122328e-06,-2.46315293e-08,cosine,2.86058143e+05,True,1.25240023e-02,6.00000000e-02,3.58259284e+03,2.97295460e+01,4.50000000e+00,1
fb03-087__OL23,fb03-087,fb03-087__0072,72,23,50,5.46611834e-01,2.58242059e-06,1.55712644e-09,cosine,4.23332770e+05,True,8.81224842e-03,6.00000000e-02,3.73051354e+03,1.61204648e+01,4.50000000e+00,1
fb03-087__OL07,fb03-087,fb03-087__0072,72,7,50,8.34135207e-01,2.85528815e-06,-3.36724343e-09,cosine,5.84273924e+05,True,3.20057602e-03,6.00000000e-02,1.87001311e+03,1.71764005e+01,4.50000000e+00,1
fb03-087__OL08,fb03-087,fb03-087__0072,72,8,50,9.09991318e-01,2.45847617e-06,1.01436540e-08,cosine,7.40288605e+05,True,6.55554018e-03,6.00000000e-02,4.85299169e+03,2.76873596e+01,4.50000000e+00,1
fb03-087__OL22,fb03-087,fb03-087__0072,72,22,50,9.43862557e-01,2.52794406e-06,-3.13866556e-08,cosine,7.46743232e+05,True,1.34996504e-02,6.00000000e-02,1.00807726e+04,2.10524679e+01,4.50000000e+00,1
fb03-087__OL23,fb03-087,fb03-087__0075,75,23,50,2.45905859e-01,2.35450454e-06,1.46782971e-07,cosine,2.08881100e+05,True,4.44149798e-02,6.00000000e-02,9.27744987e+03,1.49094261e+01,4.50000000e+00,1
fb03-087__OL07,fb03-087,fb03-087__0075,75,7,50,3.37514639e-01,2.92264041e-06,-7.33751215e-08,cosine,2.30965493e+05,True,1.42439430e-02,6.00000000e-02,3.28985931e+03,1.29728254e+01,4.50000000e+00,1
fb03-087__OL08,fb03-087,fb03-087__0075,75,8,50,2.82947642e-01,2.29423778e-06,9.66741480e-08,cosine,2.46659271e+05,True,1.70278640e-02,6.00000000e-02,4.20008053e+03,6.63574007e+00,4.50000000e+00,1
fb03-087__OL22,fb03-087,fb03-087__0075,75,22,50,4.63963383e-01,3.49740579e-06,-2.19150312e-07,cosine,2.65318589e+05,True,3.58643437e-02,6.00000000e-02,9.51547704e+03,3.61686737e+00,4.50000000e+00,0
fb03-087__OL23,fb03-087,fb03-087__0076,76,23,50,4.61394247e-01,3.87320955e-06,-5.00000000e-07,cosine,2.38249050e+05,True,1.26169040e-01,6.00000000e-02,3.00596540e+04,5.13121830e+00,4.50000000e+00,0
fb03-087__OL07,fb03-087,fb03-087__0076,76,7,50,4.62706204e-01,2.42951377e-06,-8.28090380e-10,cosine,3.80904368e+05,True,3.26489560e-03,6.00000000e-02,1.24361299e+03,4.35148623e+00,4.50000000e+00,0
fb03-087__OL08,fb03-087,fb03-087__0076,76,8,50,5.75287327e-01,2.44125572e-06,-4.57583085e-08,cosine,4.71304438e+05,True,2.25434128e-02,6.00000000e-02,1.06248105e+04,5.39092678e+00,4.50000000e+00,1
fb03-087__OL22,fb03-087,fb03-087__0076,76,22,50,1.00577953e+00,2.54643013e-06,-1.13567853e-07,cosine,7.89952287e+05,True,1.31353238e-02,6.00000000e-02,1.03762791e+04,8.96014335e+00,4.50000000e+00,1
fb03-087__OL23,fb03-087,fb03-087__0077,77,23,50,4.66677202e-01,2.57328141e-06,-9.33664429e-09,cosine,3.62709807e+05,True,1.35192523e-02,6.00000000e-02,4.90356540e+03,9.53750231e+00,4.50000000e+00,1
fb03-087__OL07,fb03-087,fb03-087__0077,77,7,50,8.03128447e-01,2.90779953e-06,-1.17978001e-09,cosine,5.52396022e+05,True,4.87018832e-03,6.00000000e-02,2.69027266e+03,1.20445951e+01,4.50000000e+00,1
fb03-087__OL08,fb03-087,fb03-087__0077,77,8,50,5.70090752e-01,2.53353474e-06,-4.95232048e-08,cosine,4.50035867e+05,True,1.24542972e-02,6.00000000e-02,5.60488042e+03,7.18504522e+00,4.50000000e+00,1
fb03-087__OL22,fb03-087,fb03-087__0077,77,22,50,1.26503593e+00,2.51605423e-06,-3.19938308e-09,cosine,1.00557089e+06,True,2.63629759e-03,6.00000000e-02,2.65098411e+03,6.98627411e+00,4.50000000e+00,1
fb03-087__OL23,fb03-087,fb03-087__0081,81,23,50,3.90055738e-02,2.76248509e-06,-1.56006978e-07,cosine,2.82394727e+04,True,3.73257729e-02,6.00000000e-02,1.05406015e+03,9.59323009e+00,4.50000000e+00,1
fb03-087__OL07,fb03-087,fb03-087__0081,81,7,50,6.01167403e-02,2.56282845e-06,-2.04566388e-07,cosine,4.69143518e+04,True,3.52125578e-02,6.00000000e-02,1.65197432e+03,9.54106527e+00,4.50000000e+00,1
fb03-087__OL08,fb03-087,fb03-087__0081,81,8,50,4.93181909e-02,2.04929926e-06,-1.31756782e-07,cosine,4.81317609e+04,True,2.82446682e-02,6.00000000e-02,1.35946562e+03,4.49197287e+00,4.50000000e+00,0
fb03-087__OL22,fb03-087,fb03-087__0081,81,22,50,3.03520660e-02,1.73716955e-06,-7.05423204e-08,cosine,3.49442759e+04,True,5.50211890e-02,6.00000000e-02,1.92267561e+03,1.32172866e+00,4.50000000e+00,0
fb03-087__OL23,fb03-087,fb03-087__0085,85,23,50,3.86681743e-01,2.28129959e-06,-3.27133712e-08,cosine,3.39001282e+05,True,1.38618966e-02,6.00000000e-02,4.69920070e+03,2.63522805e+01,4.50000000e+00,1
fb03-087__OL07,fb03-087,fb03-087__0085,85,7,50,4.69499278e-01,2.53934307e-06,-5.96041085e-08,cosine,3.69780108e+05,True,1.22432376e-02,6.00000000e-02,4.52730572e+03,2.69784157e+01,4.50000000e+00,1
fb03-087__OL08,fb03-087,fb03-087__0085,85,8,50,4.03297971e-01,2.03323422e-06,3.14843599e-08,cosine,3.96705866e+05,True,7.33302072e-03,6.00000000e-02,2.90905234e+03,2.34392802e+01,4.50000000e+00,1
fb03-087__OL22,fb03-087,fb03-087__0085,85,22,50,6.71918866e-01,2.31711441e-06,-7.42414101e-08,cosine,5.79961752e+05,True,3.23999683e-02,6.00000000e-02,1.87907424e+04,2.52578729e+01,4.50000000e+00,1
fb03-087__OL23,fb03-087,fb03-087__0088,88,23,50,5.68178696e-01,2.25722533e-06,6.67361615e-08,cosine,5.03431083e+05,True,1.35087130e-02,6.00000000e-02,6.80070602e+03,2.26751575e+01,4.50000000e+00,1
fb03-087__OL07,fb03-087,fb03-087__0088,88,7,50,1.02943609e+00,2.74100090e-06,-4.87842270e-08,cosine,7.51138816e+05,True,1.73356250e-02,6.00000000e-02,1.30214608e+04,2.68373424e+01,4.50000000e+00,1
fb03-087__OL08,fb03-087,fb03-087__0088,88,8,50,1.32190298e+00,2.24886176e-06,4.59684150e-08,cosine,1.17561903e+06,True,7.53416094e-03,6.00000000e-02,8.85730294e+03,1.39416094e+01,4.50000000e+00,1
fb03-087__OL22,fb03-087,fb03-087__0088,88,22,50,2.10122782e+00,2.40644515e-06,-6.84081380e-08,cosine,1.74633269e+06,True,8.22464657e-03,6.00000000e-02,1.43629692e+04,8.95145448e+00,4.50000000e+00,1
fb03-087__OL23,fb03-087,fb03-087__0089,89,23,50,3.16568763e-01,2.38517151e-06,7.79965800e-08,cosine,2.65447379e+05,True,1.26623419e-02,6.00000000e-02,3.36118548e+03,1.76828500e+01,4.50000000e+00,1
fb03-087__OL07,fb03-087,fb03-087__0089,89,7,50,5.45061864e-01,2.71046887e-06,-1.42789765e-09,cosine,4.02189958e+05,True,1.69759820e-02,6.00000000e-02,6.82756948e+03,2.99505696e+01,4.50000000e+00,1
fb03-087__OL08,fb03-087,fb03-087__0089,89,8,50,4.81052412e-01,2.43168736e-06,-4.12659586e-08,cosine,3.95653175e+05,True,1.44747493e-02,6.00000000e-02,5.72698053e+03,2.85529836e+01,4.50000000e+00,1
fb03-087__OL22,fb03-087,fb03-087__0089,89,22,50,6.20593212e-01,2.38319864e-06,-1.21754312e-08,cosine,5.20806953e+05,True,2.20706509e-03,6.00000000e-02,1.14945485e+03,3.22453847e+01,4.50000000e+00,1
fb03-087__OL23,fb03-087,fb03-087__0095,95,23,50,5.50880426e-01,2.79704783e-06,-2.74757586e-08,cosine,3.93901327e+05,True,8.39666956e-03,6.00000000e-02,3.30745929e+03,1.97095167e+01,4.50000000e+00,1
fb03-087__OL07,fb03-087,fb03-087__0095,95,7,50,9.31548883e-01,2.92558377e-06,1.63471859e-07,cosine,6.36829404e+05,True,2.04900265e-02,6.00000000e-02,1.30486513e+04,1.67228614e+01,4.50000000e+00,1
fb03-087__OL08,fb03-087,fb03-087__0095,95,8,50,9.62227185e-01,2.64914019e-06,-1.28276297e-08,cosine,7.26444895e+05,True,6.68046270e-03,6.00000000e-02,4.85298802e+03,7.56284106e+00,4.50000000e+00,1
fb03-087__OL22,fb03-087,fb03-087__0095,95,22,50,1.19146936e+00,2.72117158e-06,-1.44480878e-10,cosine,8.75703223e+05,True,1.80372697e-02,6.00000000e-02,1.57952952e+04,6.88536000e+00,4.50000000e+00,1
fb03-087__OL23,fb03-087,fb03-087__0099,99,23,50,5.41965626e-01,3.17320873e-06,-1.56080144e-07,cosine,3.41588387e+05,True,2.97334012e-02,6.00000000e-02,1.01565846e+04,1.03119271e+01,4.50000000e+00,1
fb03-087__OL07,fb03-087,fb03-087__0099,99,7,50,9.21815932e-01,3.12938725e-06,1.49500172e-07,cosine,5.89135097e+05,True,2.97273137e-02,6.00000000e-02,1.75134038e+04,1.31232838e+01,4.50000000e+00,1
fb03-087__OL08,fb03-087,fb03-087__0099,99,8,50,7.28997126e-01,2.79724555e-06,-8.50895432e-08,cosine,5.21224978e+05,True,2.10264398e-02,6.00000000e-02,1.09595056e+04,9.95237354e+00,4.50000000e+00,1
fb03-087__OL22,fb03-087,fb03-087__0099,99,22,50,1.10573748e+00,2.71173333e-06,1.19710512e-07,cosine,8.15520810e+05,True,1.91616461e-02,6.00000000e-02,1.56267211e+04,2.84604506e+01,4.50000000e+00,1
fb03-087__OL23,fb03-087,fb03-087__0100,100,23,50,3.55196742e-01,2.67321482e-06,-4.93899963e-08,cosine,2.65745004e+05,True,3.39383077e-02,6.00000000e-02,9.01893574e+03,1.04837506e+01,4.50000000e+00,1
fb03-087__OL07,fb03-087,fb03-087__0100,100,7,50,8.52989390e-01,3.47872892e-06,7.10930443e-09,cosine,4.90402809e+05,True,4.13315506e-02,6.00000000e-02,2.02691085e+04,1.52217482e+01,4.50000000e+00,1
fb03-087__OL08,fb03-087,fb03-087__0100,100,8,50,4.73272801e-01,2.45801080e-06,-4.80495054e-08,cosine,3.85085864e+05,True,1.78681897e-02,6.00000000e-02,6.88078728e+03,1.12335449e+01,4.50000000e+00,1
fb03-087__OL22,fb03-087,fb03-087__0100,100,22,50,1.10513103e+00,3.05308021e-06,9.23741527e-08,cosine,7.23944970e+05,True,3.85507004e-02,6.00000000e-02,2.79085857e+04,3.19165149e+01,4.50000000e+00,1
fb03-087__OL23,fb03-087,fb03-087__0102,102,23,50,7.07584522e-02,1.90632390e-06,4.26297730e-08,cosine,7.42354478e+04,True,9.07993923e-03,6.00000000e-02,6.74053355e+02,6.58952748e+00,4.50000000e+00,1
fb03-087__OL07,fb03-087,fb03-087__0102,102,7,50,9.52557100e-02,2.52191171e-06,-1.17336531e-07,cosine,7.55424621e+04,True,2.93084103e-02,6.00000000e-02,2.21402947e+03,1.02792053e+01,4.50000000e+00,1
fb03-087__OL08,fb03-087,fb03-087__0102,102,8,50,6.87355985e-02,1.82121648e-06,2.45535140e-08,cosine,7.54831722e+04,True,3.78634318e-03,6.00000000e-02,2.85805194e+02,3.24945829e+00,4.50000000e+00,0
fb03-087__OL22,fb03-087,fb03-087__0102,102,22,50,8.05564323e-02,1.94615446e-06,-6.15704420e-08,cosine,8.27851864e+04,True,4.46273967e-02,6.00000000e-02,3.69448736e+03,2.86604823e+00,4.50000000e+00,0
fb03-087__OL23,fb03-087,fb03-087__0109,109,23,50,4.06696906e-01,2.72017018e-06,-3.95856718e-08,cosine,2.99023034e+05,True,1.91212554e-02,6.00000000e-02,5.71769578e+03,9.05511265e+00,4.50000000e+00,1
fb03-087__OL07,fb03-087,fb03-087__0109,109,7,50,8.36407700e-01,3.06947648e-06,2.54516855e-07,cosine,5.44983944e+05,True,3.62661824e-02,6.00000000e-02,1.97644871e+04,1.47130710e+01,4.50000000e+00,1
fb03-087__OL08,fb03-087,fb03-087__0109,109,8,50,4.87990151e-01,2.65323652e-06,-8.32638395e-08,cosine,3.67845194e+05,True,2.38947511e-02,6.00000000e-02,8.78956937e+03,9.11957195e+00,4.50000000e+00,1
fb03-087__OL22,fb03-087,fb03-087__0109,109,22,50,1.05397641e+00,2.74739245e-06,2.03366344e-07,cosine,7.67255811e+05,True,2.51810408e-02,6.00000000e-02,1.93202999e+04,3.53531849e+01,4.50000000e+00,1
fb03-087__OL23,fb03-087,fb03-087__0110,110,23,50,3.86778035e-02,2.75291650e-06,-1.33874267e-07,cosine,2.80995016e+04,True,2.99415708e-02,6.00000000e-02,8.41343216e+02,7.85619790e+00,4.50000000e+00,1
fb03-087__OL07,fb03-087,fb03-087__0110,110,7,50,6.86749821e-02,2.66476936e-06,-1.92875219e-07,cosine,5.15428909e+04,True,2.81825694e-02,6.00000000e-02,1.45261110e+03,1.52631894e+01,4.50000000e+00,1
fb03-087__OL08,fb03-087,fb03-087__0110,110,8,50,2.40313016e-02,1.71438198e-06,-1.12569861e-07,cosine,2.80349205e+04,True,3.17739092e-02,6.00000000e-02,8.90779018e+02,1.52109075e+00,4.50000000e+00,0
fb03-087__OL22,fb03-087,fb03-087__0110,110,22,50,1.11606283e-01,4.28500339e-06,-1.44521784e-07,cosine,5.20915728e+04,True,9.36416058e-02,6.00000000e-02,4.87793852e+03,2.24298616e+00,4.50000000e+00,0
fb03-087__OL23,fb03-087,fb03-087__0111,111,23,50,4.19667799e-01,2.77469941e-06,-4.80222693e-08,cosine,3.02495948e+05,True,2.44153357e-02,6.00000000e-02,7.38554013e+03,9.84836570e+00,4.50000000e+00,1
fb03-087__OL07,fb03-087,fb03-087__0111,111,7,50,9.30367959e-01,3.02567784e-06,3.56550379e-07,cosine,6.14981507e+05,True,4.10527848e-02,6.00000000e-02,2.52467035e+04,1.37239028e+01,4.50000000e+00,1
fb03-087__OL08,fb03-087,fb03-087__0111,111,8,50,6.01999572e-01,3.57080849e-06,-5.00000000e-07,cosine,3.37178236e+05,True,1.31883095e-01,6.00000000e-02,4.44681093e+04,8.84699686e+00,4.50000000e+00,0
fb03-087__OL22,fb03-087,fb03-087__0111,111,22,50,1.21318572e+00,2.71870756e-06,3.12373145e-07,cosine,8.92472091e+05,True,3.00377041e-02,6.00000000e-02,2.68078126e+04,5.50154627e+01,4.50000000e+00,1
fb03-087__OL23,fb03-087,fb03-087__0118,118,23,50,7.82463339e-02,1.96231209e-06,-8.37678367e-08,cosine,7.97490716e+04,True,1.41988642e-02,6.00000000e-02,1.13234624e+03,2.90629902e+01,4.50000000e+00,1
fb03-087__OL07,fb03-087,fb03-087__0118,118,7,50,6.33981858e-02,2.32561200e-06,-1.74597426e-07,cosine,5.45217224e+04,True,3.08106614e-02,6.00000000e-02,1.67985033e+03,2.20676992e+01,4.50000000e+00,1
fb03-087__OL08,fb03-087,fb03-087__0118,118,8,50,8.79255045e-02,1.83718878e-06,-2.63281133e-08,cosine,9.57174414e+04,True,5.26317010e-03,6.00000000e-02,5.03777176e+02,2.30072736e+01,4.50000000e+00,1
fb03-087__OL22,fb03-087,fb03-087__0118,118,22,50,7.47457719e-02,1.88131392e-06,-7.95858352e-08,cosine,7.94612436e+04,True,2.76998302e-02,6.00000000e-02,2.20106296e+03,1.80254121e+01,4.50000000e+00,1
fb03-087__OL23,fb03-087,fb03-087__0120,120,23,50,4.25239671e-01,2.50351656e-06,3.43223829e-08,cosine,3.39713888e+05,True,6.88797930e-03,6.00000000e-02,2.33994223e+03,9.99408157e+00,4.50000000e+00,1
fb03-087__OL07,fb03-087,fb03-087__0120,120,7,50,9.09767938e-01,2.83619344e-06,1.89163986e-07,cosine,6.41541331e+05,True,1.08793657e-02,6.00000000e-02,6.97956274e+03,1.30054402e+01,4.50000000e+00,1
fb03-087__OL08,fb03-087,fb03-087__0120,120,8,50,5.67931673e-01,3.06506680e-06,-3.40016430e-08,cosine,3.70583553e+05,True,1.08244109e-02,6.00000000e-02,4.01134866e+03,1.02210160e+01,4.50000000e+00,1
fb03-087__OL22,fb03-087,fb03-087__0120,120,22,50,1.20697048e+00,2.63463601e-06,8.76341159e-08,cosine,9.16232863e+05,True,4.54135160e-03,6.00000000e-02,4.16093558e+03,5.27071715e+01,4.50000000e+00,1
fb03-087__OL23,fb03-087,fb03-087__0126,126,23,50,1.60511458e-02,1.92513767e-06,-5.30334464e-08,cosine,1.66753225e+04,True,1.30821571e-02,6.00000000e-02,2.18149189e+02,3.21664340e+01,4.50000000e+00,1
fb03-087__OL07,fb03-087,fb03-087__0126,126,7,50,1.99500356e-02,2.42682894e-06,-1.65640017e-07,cosine,1.64412306e+04,True,3.81433033e-02,6.00000000e-02,6.27122847e+02,2.62459063e+01,4.50000000e+00,1
fb03-087__OL08,fb03-087,fb03-087__0126,126,8,50,1.40559636e-02,1.80124523e-06,-9.10378357e-09,cosine,1.56069405e+04,True,5.34571209e-03,6.00000000e-02,8.34302107e+01,1.77217626e+01,4.50000000e+00,1
fb03-087__OL22,fb03-087,fb03-087__0126,126,22,50,1.80278674e-02,1.81302331e-06,-1.71660285e-08,cosine,1.98870774e+04,True,2.58413710e-02,6.00000000e-02,5.13909345e+02,1.17499745e+01,4.50000000e+00,1
fb03-087__OL23,fb03-087,fb03-087__0128,128,23,50,1.00106602e-02,2.23940974e-06,-7.36503479e-08,cosine,8.94044536e+03,True,2.20613341e-02,6.00000000e-02,1.97238152e+02,2.36532114e+01,4.50000000e+00,1
fb03-087__OL07,fb03-087,fb03-087__0128,128,7,50,1.46465192e-02,2.55711752e-06,-1.92822568e-07,cosine,1.14554916e+04,True,3.69593629e-02,6.00000000e-02,4.23387673e+02,2.46423114e+01,4.50000000e+00,1
fb03-087__OL08,fb03-087,fb03-087__0128,128,8,50,1.46086313e-02,2.01723632e-06,-4.47001033e-08,cosine,1.44838075e+04,True,2.18462562e-02,6.00000000e-02,3.16416969e+02,2.67032488e+01,4.50000000e+00,1
fb03-087__OL22,fb03-087,fb03-087__0128,128,22,50,1.24421316e-02,2.11153698e-06,-5.99985967e-08,cosine,1.17849052e+04,True,2.96848083e-02,6.00000000e-02,3.49832653e+02,1.83530500e+01,4.50000000e+00,1
fb03-087__OL23,fb03-087,fb03-087__0129,129,23,50,6.58244521e-01,2.52520354e-06,-1.08949821e-08,cosine,5.21339773e+05,True,1.21984562e-02,6.00000000e-02,6.35954039e+03,1.30987481e+01,4.50000000e+00,1
fb03-087__OL07,fb03-087,fb03-087__0129,129,7,50,1.19249276e+00,2.84062599e-06,-6.44343950e-09,cosine,8.39598314e+05,True,6.18469174e-03,6.00000000e-02,5.19265675e+03,1.69298696e+01,4.50000000e+00,1
fb03-087__OL08,fb03-087,fb03-087__0129,129,8,50,1.03438891e+00,2.45021278e-06,1.28095284e-08,cosine,8.44325437e+05,True,3.92035759e-03,6.00000000e-02,3.31005764e+03,1.78871148e+01,4.50000000e+00,1
fb03-087__OL22,fb03-087,fb03-087__0129,129,22,50,1.63982475e+00,2.68932980e-06,-3.14428607e-08,cosine,1.21950439e+06,True,1.13168200e-02,6.00000000e-02,1.38009117e+04,2.96842411e+01,4.50000000e+00,1
fb03-087__OL23,fb03-087,fb03-087__0131,131,23,50,5.21242532e-01,2.54034020e-06,-1.94146518e-08,cosine,4.10372070e+05,True,6.85295823e-03,6.00000000e-02,2.81226265e+03,8.43270371e+00,4.50000000e+00,1
fb03-087__OL07,fb03-087,fb03-087__0131,131,7,50,6.88305020e-01,2.55572161e-06,-1.25745887e-08,cosine,5.38638494e+05,True,5.49669153e-03,6.00000000e-02,2.96072965e+03,9.01677999e+00,4.50000000e+00,1
fb03-087__OL08,fb03-087,fb03-087__0131,131,8,50,5.92948743e-01,2.37245055e-06,-2.46972487e-08,cosine,4.99861617e+05,True,7.60394519e-03,6.00000000e-02,3.80092033e+03,8.15892123e+00,4.50000000e+00,1
fb03-087__OL22,fb03-087,fb03-087__0131,131,22,50,1.06323047e+00,2.51857535e-06,-2.60137470e-08,cosine,8.44310701e+05,True,7.16028798e-03,6.00000000e-02,6.04550776e+03,1.61375317e+01,4.50000000e+00,1
fb03-087__OL23,fb03-087,fb03-087__0004,4,23,noQcorr,4.19551685e-01,2.98207019e-06,1.87811632e-07,cosine,2.81382759e+05,True,9.14879035e-03,6.00000000e-02,2.57431187e+03,5.73783318e+02,4.50000000e+00,1
fb03-087__OL07,fb03-087,fb03-087__0004,4,7,noQcorr,7.54688611e-01,3.19063105e-06,1.28201624e-07,cosine,4.73065306e+05,True,4.27374440e-03,6.00000000e-02,2.02176020e+03,9.70670946e+02,4.50000000e+00,1
fb03-087__OL08,fb03-087,fb03-087__0004,4,8,noQcorr,5.55365106e-01,2.95711908e-06,2.05629846e-07,cosine,3.75612271e+05,True,8.83738923e-03,6.00000000e-02,3.31943184e+03,1.15375274e+02,4.50000000e+00,1
fb03-087__OL22,fb03-087,fb03-087__0004,4,22,noQcorr,7.06747805e-01,3.01023910e-06,1.36666738e-07,cosine,4.69562443e+05,True,6.49155993e-03,6.00000000e-02,3.04819274e+03,1.66456251e+02,4.50000000e+00,1
fb03-087__OL23,fb03-087,fb03-087__0009,9,23,noQcorr,3.69703411e-02,2.90672019e-06,-5.15098136e-08,cosine,2.54378322e+04,True,3.43012735e-02,6.00000000e-02,8.72550039e+02,6.54484892e+00,4.50000000e+00,1
fb03-087__OL07,fb03-087,fb03-087__0009,9,7,noQcorr,5.17747140e-02,2.86571344e-06,-1.42928128e-08,cosine,3.61339088e+04,True,1.79919286e-02,6.00000000e-02,6.50118707e+02,2.40979187e+01,4.50000000e+00,1
fb03-087__OL08,fb03-087,fb03-087__0009,9,8,noQcorr,4.35268941e-02,2.66924471e-06,7.73301339e-08,cosine,3.26136408e+04,True,2.71929712e-02,6.00000000e-02,8.86861795e+02,9.16337160e+00,4.50000000e+00,1
fb03-087__OL22,fb03-087,fb03-087__0009,9,22,noQcorr,4.38613576e-02,2.51706495e-06,-1.69739377e-10,cosine,3.48511925e+04,True,4.37616211e-02,6.00000000e-02,1.52514468e+03,5.31724921e+00,4.50000000e+00,1
fb03-087__OL23,fb03-087,fb03-087__0018,18,23,noQcorr,5.64477741e-01,3.47872673e-06,-6.07525561e-08,cosine,3.24531169e+05,True,1.36515765e-02,6.00000000e-02,4.43036209e+03,2.05611983e+02,4.50000000e+00,1
fb03-087__OL07,fb03-087,fb03-087__0018,18,7,noQcorr,7.96466200e-01,3.18210743e-06,-1.58108779e-08,cosine,5.00590268e+05,True,6.11497891e-03,6.00000000e-02,3.06109893e+03,2.61877727e+02,4.50000000e+00,1
fb03-087__OL08,fb03-087,fb03-087__0018,18,8,noQcorr,8.11344016e-01,3.38927544e-06,7.51230700e-08,cosine,4.78771367e+05,True,2.06241766e-02,6.00000000e-02,9.87426522e+03,6.11102056e+01,4.50000000e+00,1
fb03-087__OL22,fb03-087,fb03-087__0018,18,22,noQcorr,9.23697649e-01,3.05157800e-06,1.20638777e-07,cosine,6.05390161e+05,True,5.43111710e-03,6.00000000e-02,3.28794485e+03,4.97307545e+01,4.50000000e+00,1
fb03-087__OL23,fb03-087,fb03-087__0019,19,23,noQcorr,2.60534921e-02,2.39478806e-06,-2.05961187e-07,cosine,2.17584857e+04,True,7.08751838e-02,6.00000000e-02,1.54213667e+03,2.04202466e+01,4.50000000e+00,0
fb03-087__OL07,fb03-087,fb03-087__0019,19,7,noQcorr,5.77170422e-02,2.89883320e-06,3.05742979e-10,cosine,3.98208667e+04,True,1.78319538e-02,6.00000000e-02,7.10083857e+02,4.92584775e+01,4.50000000e+00,1
fb03-087__OL08,fb03-087,fb03-087__0019,19,8,noQcorr,4.01016837e-02,2.57005909e-06,1.35569132e-07,cosine,3.12068068e+04,True,2.13048171e-02,6.00000000e-02,6.64855310e+02,1.40758447e+01,4.50000000e+00,1
fb03-087__OL22,fb03-087,fb03-087__0019,19,22,noQcorr,7.39555353e-02,3.06692635e-06,6.36206558e-07,cosine,4.82277743e+04,True,3.38982061e-02,6.00000000e-02,1.63483503e+03,2.27794194e+01,4.50000000e+00,1
fb03-087__OL23,fb03-087,fb03-087__0020,20,23,noQcorr,7.02989693e-01,3.33703709e-06,-2.79102462e-08,cosine,4.21325670e+05,True,1.79367796e-02,6.00000000e-02,7.55722566e+03,1.42373224e+02,4.50000000e+00,1
fb03-087__OL07,fb03-087,fb03-087__0020,20,7,noQcorr,9.75652623e-01,3.25301070e-06,2.33906268e-09,cosine,5.99845935e+05,True,6.39671434e-03,6.00000000e-02,3.83704309e+03,1.54089730e+02,4.50000000e+00,1
fb03-087__OL08,fb03-087,fb03-087__0020,20,8,noQcorr,9.26447877e-01,3.26916524e-06,8.38116650e-08,cosine,5.66779474e+05,True,1.66464902e-02,6.00000000e-02,9.43488896e+03,4.07145579e+01,4.50000000e+00,1
fb03-087__OL22,fb03-087,fb03-087__0020,20,22,noQcorr,1.05361527e+00,3.10107586e-06,1.33104285e-07,cosine,6.79515960e+05,True,6.07609757e-03,6.00000000e-02,4.12880527e+03,3.86976476e+01,4.50000000e+00,1
fb03-087__OL23,fb03-087,fb03-087__0021,21,23,noQcorr,1.66900733e-02,2.57624939e-06,-1.17516204e-07,cosine,1.29568722e+04,True,2.75711004e-02,6.00000000e-02,3.57235224e+02,2.26933303e+02,4.50000000e+00,1
fb03-087__OL07,fb03-087,fb03-087__0021,21,7,noQcorr,2.06577900e-02,2.86657505e-06,-1.23007459e-08,cosine,1.44128680e+04,True,2.47204114e-02,6.00000000e-02,3.56292026e+02,1.85998705e+02,4.50000000e+00,1
fb03-087__OL08,fb03-087,fb03-087__0021,21,8,noQcorr,2.11791258e-02,2.63303718e-06,9.78935741e-08,cosine,1.60872212e+04,True,3.37613681e-02,6.00000000e-02,5.43126599e+02,9.68626170e+01,4.50000000e+00,1
fb03-087__OL22,fb03-087,fb03-087__0021,21,22,noQcorr,1.78235102e-02,2.65238590e-06,-7.15754360e-08,cosine,1.34396009e+04,True,2.60177377e-02,6.00000000e-02,3.49668012e+02,6.66177130e+01,4.50000000e+00,1
fb03-087__OL23,fb03-087,fb03-087__0024,24,23,noQcorr,3.12083730e-02,2.48699920e-06,-2.14125652e-07,cosine,2.50972019e+04,True,6.39257028e-02,6.00000000e-02,1.60435627e+03,1.81711731e+01,4.50000000e+00,0
fb03-087__OL07,fb03-087,fb03-087__0024,24,7,noQcorr,6.33851369e-02,2.83364061e-06,-2.37241796e-08,cosine,4.47375978e+04,True,1.71428120e-02,6.00000000e-02,7.66928228e+02,9.22539414e+01,4.50000000e+00,1
fb03-087__OL08,fb03-087,fb03-087__0024,24,8,noQcorr,5.11933569e-02,2.60906019e-06,1.20801634e-07,cosine,3.92427566e+04,True,2.00690333e-02,6.00000000e-02,7.87564187e+02,1.10523679e+01,4.50000000e+00,1
fb03-087__OL22,fb03-087,fb03-087__0024,24,22,noQcorr,8.32603068e-02,2.95323794e-06,-2.04654132e-08,cosine,5.63857761e+04,True,4.13139900e-02,6.00000000e-02,2.32952139e+03,8.14676152e+00,4.50000000e+00,1
fb03-087__OL23,fb03-087,fb03-087__0027,27,23,noQcorr,5.60331283e-01,2.92522423e-06,1.38642247e-07,cosine,3.83103132e+05,True,1.03135132e-02,6.00000000e-02,3.95113920e+03,4.99974696e+02,4.50000000e+00,1
fb03-087__OL07,fb03-087,fb03-087__0027,27,7,noQcorr,9.16372083e-01,3.21243957e-06,2.12575570e-08,cosine,5.70514616e+05,True,5.15127673e-03,6.00000000e-02,2.93887867e+03,1.19048507e+03,4.50000000e+00,1
fb03-087__OL08,fb03-087,fb03-087__0027,27,8,noQcorr,7.24469158e-01,2.87071181e-06,1.36677471e-07,cosine,5.04731223e+05,True,1.64388396e-02,6.00000000e-02,8.29719561e+03,9.69929414e+01,4.50000000e+00,1
fb03-087__OL22,fb03-087,fb03-087__0027,27,22,noQcorr,8.88762480e-01,3.05530170e-06,1.23602708e-07,cosine,5.81783775e+05,True,4.64775019e-03,6.00000000e-02,2.70398565e+03,1.92931635e+02,4.50000000e+00,1
fb03-087__OL23,fb03-087,fb03-087__0030,30,23,noQcorr,5.93679342e-02,2.95083019e-06,-2.25474280e-07,cosine,4.02381117e+04,True,3.66258767e-02,6.00000000e-02,1.47375612e+03,6.84041246e+00,4.50000000e+00,1
fb03-087__OL07,fb03-087,fb03-087__0030,30,7,noQcorr,4.25414073e-02,2.62450365e-06,-1.07295373e-07,cosine,3.24186191e+04,True,3.77706201e-02,6.00000000e-02,1.22447135e+03,1.70381321e+01,4.50000000e+00,1
fb03-087__OL08,fb03-087,fb03-087__0030,30,8,noQcorr,1.82425952e-02,1.82612883e-06,7.05100342e-08,cosine,1.99795123e+04,True,6.80894438e-03,6.00000000e-02,1.36039388e+02,2.84558657e+00,4.50000000e+00,0
fb03-087__OL22,fb03-087,fb03-087__0030,30,22,noQcorr,7.47656603e-02,2.70206925e-06,-1.35618252e-07,cosine,5.53395403e+04,True,1.65819709e-02,6.00000000e-02,9.17638646e+02,4.10960803e+00,4.50000000e+00,0
fb03-087__OL23,fb03-087,fb03-087__0031,31,23,noQcorr,7.48002114e-01,2.97331210e-06,1.04556502e-07,cosine,5.03144028e+05,True,1.40526219e-02,6.00000000e-02,7.07049280e+03,1.47504168e+02,4.50000000e+00,1
fb03-087__OL07,fb03-087,fb03-087__0031,31,7,noQcorr,1.18305457e+00,3.25719202e-06,5.74243933e-08,cosine,7.26426053e+05,True,3.97070813e-03,6.00000000e-02,2.88442583e+03,1.94569395e+02,4.50000000e+00,1
fb03-087__OL08,fb03-087,fb03-087__0031,31,8,noQcorr,9.19830434e-01,2.94406605e-06,1.47482934e-07,cosine,6.24870608e+05,True,9.94034225e-03,6.00000000e-02,6.21142770e+03,4.68738583e+01,4.50000000e+00,1
fb03-087__OL22,fb03-087,fb03-087__0031,31,22,noQcorr,1.14819067e+00,3.10800193e-06,9.44666056e-08,cosine,7.38860790e+05,True,1.22142804e-02,6.00000000e-02,9.02465287e+03,5.58987399e+01,4.50000000e+00,1
fb03-087__OL23,fb03-087,fb03-087__0037,37,23,noQcorr,2.70843576e-02,2.23867877e-06,-1.55386726e-07,cosine,2.41967223e+04,True,3.69187810e-02,6.00000000e-02,8.93313490e+02,9.00229852e+00,4.50000000e+00,1
fb03-087__OL07,fb03-087,fb03-087__0037,37,7,noQcorr,2.51394236e-02,2.84533254e-06,-3.77376363e-08,cosine,1.76706401e+04,True,1.86055927e-02,6.00000000e-02,3.28772732e+02,1.13833483e+01,4.50000000e+00,1
fb03-087__OL08,fb03-087,fb03-087__0037,37,8,noQcorr,1.30852224e-02,1.77702670e-06,-1.35592030e-07,cosine,1.47270971e+04,True,6.67786044e-02,6.00000000e-02,9.83454993e+02,3.26972250e+00,4.50000000e+00,0
fb03-087__OL22,fb03-087,fb03-087__0037,37,22,noQcorr,7.43882332e-02,3.98930298e-06,-5.00000000e-07,cosine,3.72938499e+04,True,8.61945125e-02,6.00000000e-02,3.21452521e+03,2.66374451e+00,4.50000000e+00,0
fb03-087__OL23,fb03-087,fb03-087__0038,38,23,noQcorr,2.08581849e-01,2.55301715e-06,9.63439558e-08,cosine,1.63400272e+05,True,1.37059121e-02,6.00000000e-02,2.23954976e+03,1.13030907e+02,4.50000000e+00,1
fb03-087__OL07,fb03-087,fb03-087__0038,38,7,noQcorr,2.89707988e-01,2.86289140e-06,-7.73513956e-08,cosine,2.02388327e+05,True,1.17338414e-02,6.00000000e-02,2.37479253e+03,7.16760279e+01,4.50000000e+00,1
fb03-087__OL08,fb03-087,fb03-087__0038,38,8,noQcorr,1.65565086e-01,2.49725909e-06,1.36533805e-07,cosine,1.32597444e+05,True,1.97554807e-02,6.00000000e-02,2.61952624e+03,2.11448480e+01,4.50000000e+00,1
fb03-087__OL22,fb03-087,fb03-087__0038,38,22,noQcorr,3.30376625e-01,2.73731604e-06,-4.15911648e-08,cosine,2.41387272e+05,True,2.52493722e-02,6.00000000e-02,6.09487705e+03,5.20939443e+01,4.50000000e+00,1
fb03-087__OL23,fb03-087,fb03-087__0040,40,23,noQcorr,1.89173346e-01,2.59446434e-06,1.29361479e-07,cosine,1.45828388e+05,True,1.54831991e-02,6.00000000e-02,2.25788996e+03,6.89360419e+02,4.50000000e+00,1
fb03-087__OL07,fb03-087,fb03-087__0040,40,7,noQcorr,1.81147020e-01,2.72883678e-06,-8.26904025e-08,cosine,1.32764965e+05,True,7.95345799e-03,6.00000000e-02,1.05594057e+03,5.04798603e+02,4.50000000e+00,1
fb03-087__OL08,fb03-087,fb03-087__0040,40,8,noQcorr,1.51472803e-01,2.39448621e-06,2.11349824e-07,cosine,1.26517945e+05,True,1.86197078e-02,6.00000000e-02,2.35572717e+03,1.22571826e+02,4.50000000e+00,1
fb03-087__OL22,fb03-087,fb03-087__0040,40,22,noQcorr,2.13361234e-01,2.64521391e-06,1.39139363e-07,cosine,1.61318699e+05,True,2.18016819e-02,6.00000000e-02,3.51701896e+03,2.45865171e+02,4.50000000e+00,1
fb03-087__OL23,fb03-087,fb03-087__0043,43,23,noQcorr,1.51398167e-01,2.75028984e-06,1.13737675e-07,cosine,1.10096118e+05,True,6.81862633e-03,6.00000000e-02,7.50704293e+02,2.48213926e+01,4.50000000e+00,1
fb03-087__OL07,fb03-087,fb03-087__0043,43,7,noQcorr,2.14510203e-01,3.03868356e-06,-4.89767269e-08,cosine,1.41186235e+05,True,4.45877588e-03,6.00000000e-02,6.29517777e+02,3.40069707e+01,4.50000000e+00,1
fb03-087__OL08,fb03-087,fb03-087__0043,43,8,noQcorr,2.10111571e-01,2.73310221e-06,-1.72864958e-08,cosine,1.53753175e+05,True,2.06117946e-02,6.00000000e-02,3.16912887e+03,9.47595722e+00,4.50000000e+00,1
fb03-087__OL22,fb03-087,fb03-087__0043,43,22,noQcorr,1.27717153e-01,2.57015093e-06,3.95998084e-08,cosine,9.93849069e+04,True,7.00725085e-03,6.00000000e-02,6.96414974e+02,8.74771887e+00,4.50000000e+00,1
fb03-087__OL23,fb03-087,fb03-087__0044,44,23,noQcorr,3.84003222e-02,2.63898249e-06,-2.20181414e-07,cosine,2.91023595e+04,True,5.17191995e-02,6.00000000e-02,1.50515074e+03,2.19627451e+01,4.50000000e+00,1
fb03-087__OL07,fb03-087,fb03-087__0044,44,7,noQcorr,8.32721196e-02,2.98942426e-06,5.71168730e-09,cosine,5.57111418e+04,True,1.54676402e-02,6.00000000e-02,8.61719897e+02,3.13363306e+01,4.50000000e+00,1
fb03-087__OL08,fb03-087,fb03-087__0044,44,8,noQcorr,4.60893467e-02,2.33322051e-06,-1.25474581e-07,cosine,3.95070646e+04,True,3.00291214e-02,6.00000000e-02,1.18636244e+03,9.31153591e+00,4.50000000e+00,1
fb03-087__OL22,fb03-087,fb03-087__0044,44,22,noQcorr,6.74793158e-02,2.64624138e-06,5.98294251e-08,cosine,5.10001035e+04,True,4.12808804e-02,6.00000000e-02,2.10532917e+03,8.44050956e+00,4.50000000e+00,1
fb03-087__OL23,fb03-087,fb03-087__0049,49,23,noQcorr,3.89748204e-02,2.80176271e-06,-6.63281608e-08,cosine,2.78216426e+04,True,2.85332748e-02,6.00000000e-02,7.93842575e+02,5.08569505e+00,4.50000000e+00,1
fb03-087__OL07,fb03-087,fb03-087__0049,49,7,noQcorr,8.98137720e-02,2.96689838e-06,-3.09351012e-08,cosine,6.05438645e+04,True,1.58560676e-02,6.00000000e-02,9.59987610e+02,1.00743316e+01,4.50000000e+00,1
fb03-087__OL08,fb03-087,fb03-087__0049,49,8,noQcorr,4.09748625e-02,2.28122482e-06,-1.20727044e-07,cosine,3.59235636e+04,True,3.43518839e-02,6.00000000e-02,1.23404209e+03,4.24612400e+00,4.50000000e+00,0
fb03-087__OL22,fb03-087,fb03-087__0049,49,22,noQcorr,2.51318567e-02,1.65725761e-06,-7.66659407e-08,cosine,3.03294510e+04,True,2.68828733e-02,6.00000000e-02,8.15342789e+02,2.47730357e+00,4.50000000e+00,0
fb03-087__OL23,fb03-087,fb03-087__0050,50,23,noQcorr,2.91292591e-01,2.98511387e-06,1.39842775e-07,cosine,1.95163470e+05,True,1.50113332e-02,6.00000000e-02,2.92966387e+03,4.69738125e+01,4.50000000e+00,1
fb03-087__OL07,fb03-087,fb03-087__0050,50,7,noQcorr,2.84297631e-01,3.09856737e-06,-4.30624704e-09,cosine,1.83502583e+05,True,8.91267710e-03,6.00000000e-02,1.63549927e+03,2.78068530e+01,4.50000000e+00,1
fb03-087__OL08,fb03-087,fb03-087__0050,50,8,noQcorr,2.96034716e-01,2.98571660e-06,1.98126942e-07,cosine,1.98300613e+05,True,3.13968403e-02,6.00000000e-02,6.22601268e+03,2.06635982e+01,4.50000000e+00,1
fb03-087__OL22,fb03-087,fb03-087__0050,50,22,noQcorr,4.31206686e-01,3.31735867e-06,3.75233599e-07,cosine,2.59969891e+05,True,2.57769860e-02,6.00000000e-02,6.70124025e+03,1.06262364e+01,4.50000000e+00,1
fb03-087__OL23,fb03-087,fb03-087__0052,52,23,noQcorr,3.53970660e-01,3.06110859e-06,-3.79748129e-08,cosine,2.31269587e+05,True,1.39262905e-02,6.00000000e-02,3.22072747e+03,3.15923074e+02,4.50000000e+00,1
fb03-087__OL07,fb03-087,fb03-087__0052,52,7,noQcorr,5.25397607e-01,3.13978964e-06,-5.50859703e-08,cosine,3.34670579e+05,True,9.13306649e-03,6.00000000e-02,3.05656865e+03,7.04629458e+01,4.50000000e+00,1
fb03-087__OL08,fb03-087,fb03-087__0052,52,8,noQcorr,5.33543712e-01,2.85655900e-06,5.28760064e-08,cosine,3.73556822e+05,True,1.50861000e-02,6.00000000e-02,5.63551556e+03,5.12415703e+01,4.50000000e+00,1
fb03-087__OL22,fb03-087,fb03-087__0052,52,22,noQcorr,4.96146869e-01,3.05687067e-06,7.62968870e-08,cosine,3.24610879e+05,True,1.01319698e-02,6.00000000e-02,3.28894762e+03,1.83248222e+01,4.50000000e+00,1
fb03-087__OL23,fb03-087,fb03-087__0055,55,23,noQcorr,3.84966843e-01,3.03318563e-06,1.05995101e-07,cosine,2.53836652e+05,True,1.83727517e-02,6.00000000e-02,4.66367779e+03,2.46319895e+01,4.50000000e+00,1
fb03-087__OL07,fb03-087,fb03-087__0055,55,7,noQcorr,3.53564893e-01,3.14723250e-06,1.42674642e-07,cosine,2.24683046e+05,True,1.30500187e-02,6.00000000e-02,2.93211797e+03,1.29128501e+01,4.50000000e+00,1
fb03-087__OL08,fb03-087,fb03-087__0055,55,8,noQcorr,4.50531757e-01,3.53867808e-06,-2.09362714e-08,cosine,2.54632751e+05,True,3.26503316e-02,6.00000000e-02,8.31384376e+03,9.90467505e+00,4.50000000e+00,1
fb03-087__OL22,fb03-087,fb03-087__0055,55,22,noQcorr,6.38704429e-01,3.35333166e-06,-9.22867763e-14,cosine,3.80937225e+05,True,4.12094474e-02,6.00000000e-02,1.56982125e+04,1.56139614e+01,4.50000000e+00,1
fb03-087__OL23,fb03-087,fb03-087__0059,59,23,noQcorr,5.30263644e-02,2.88675701e-06,-2.13228008e-07,cosine,3.67376600e+04,True,3.28894077e-02,6.00000000e-02,1.20827988e+03,9.17087376e+00,4.50000000e+00,1
fb03-087__OL07,fb03-087,fb03-087__0059,59,7,noQcorr,9.43171640e-02,2.94574870e-06,-1.58543597e-07,cosine,6.40361237e+04,True,1.74656176e-02,6.00000000e-02,1.11843045e+03,1.91709462e+01,4.50000000e+00,1
fb03-087__OL08,fb03-087,fb03-087__0059,59,8,noQcorr,4.14224935e-02,2.21732598e-06,-1.31419275e-07,cosine,3.73625655e+04,True,3.25178104e-02,6.00000000e-02,1.21494882e+03,2.18716600e+00,4.50000000e+00,0
fb03-087__OL22,fb03-087,fb03-087__0059,59,22,noQcorr,1.80522523e-01,3.71316119e-06,-5.23185544e-08,cosine,9.72338739e+04,True,3.00273253e-02,6.00000000e-02,2.91967316e+03,7.47327669e+00,4.50000000e+00,1
fb03-087__OL23,fb03-087,fb03-087__0061,61,23,noQcorr,5.56511262e-01,3.05425977e-06,3.03439548e-08,cosine,3.64416360e+05,True,1.14792426e-02,6.00000000e-02,4.18322381e+03,5.69611135e+02,4.50000000e+00,1
fb03-087__OL07,fb03-087,fb03-087__0061,61,7,noQcorr,8.75519827e-01,3.27306872e-06,-1.47896410e-08,cosine,5.34984079e+05,True,5.76478599e-03,6.00000000e-02,3.08406872e+03,7.06558544e+02,4.50000000e+00,1
fb03-087__OL08,fb03-087,fb03-087__0061,61,8,noQcorr,7.63419634e-01,2.94668670e-06,1.65658663e-07,cosine,5.18154453e+05,True,7.99242452e-03,6.00000000e-02,4.14131035e+03,7.18650342e+01,4.50000000e+00,1
fb03-087__OL22,fb03-087,fb03-087__0061,61,22,noQcorr,8.25552928e-01,3.03860310e-06,7.66969987e-08,cosine,5.43376466e+05,True,1.38037826e-02,6.00000000e-02,7.50065061e+03,1.54973992e+02,4.50000000e+00,1
fb03-087__OL23,fb03-087,fb03-087__0062,62,23,noQcorr,4.18138226e-01,2.92527710e-06,1.27306469e-09,cosine,2.85879396e+05,True,1.06093727e-02,6.00000000e-02,3.03300106e+03,5.10229092e+02,4.50000000e+00,1
fb03-087__OL07,fb03-087,fb03-087__0062,62,7,noQcorr,7.32045035e-01,3.19066839e-06,-5.83438045e-09,cosine,4.58866149e+05,True,7.96120394e-03,6.00000000e-02,3.65312699e+03,9.62373749e+02,4.50000000e+00,1
fb03-087__OL08,fb03-087,fb03-087__0062,62,8,noQcorr,5.49642200e-01,2.92678575e-06,1.46817822e-07,cosine,3.75594312e+05,True,1.80642388e-02,6.00000000e-02,6.78482533e+03,1.02673126e+02,4.50000000e+00,1
fb03-087__OL22,fb03-087,fb03-087__0062,62,22,noQcorr,6.96081147e-01,2.98896405e-06,1.64514582e-07,cosine,4.65767366e+05,True,3.83653698e-03,6.00000000e-02,1.78693372e+03,4.01371509e+02,4.50000000e+00,1
fb03-087__OL23,fb03-087,fb03-087__0069,69,23,noQcorr,2.51772782e-01,2.58647191e-06,1.75823431e-07,cosine,1.94684263e+05,True,1.13540957e-02,6.00000000e-02,2.21046374e+03,4.06360223e+02,4.50000000e+00,1
fb03-087__OL07,fb03-087,fb03-087__0069,69,7,noQcorr,2.29281365e-01,2.67963133e-06,1.63679661e-07,cosine,1.71129037e+05,True,5.32059969e-03,6.00000000e-02,9.10509102e+02,4.26332632e+02,4.50000000e+00,1
fb03-087__OL08,fb03-087,fb03-087__0069,69,8,noQcorr,2.04988033e-01,2.33326577e-06,2.32526455e-07,cosine,1.75709116e+05,True,2.01693345e-02,6.00000000e-02,3.54393593e+03,1.25709625e+02,4.50000000e+00,1
fb03-087__OL22,fb03-087,fb03-087__0069,69,22,noQcorr,2.37384683e-01,2.54130401e-06,1.85547283e-07,cosine,1.86821161e+05,True,1.53376560e-02,6.00000000e-02,2.86539870e+03,1.67807795e+02,4.50000000e+00,1
fb03-087__OL23,fb03-087,fb03-087__0072,72,23,noQcorr,6.47674164e-01,3.04532222e-06,1.26453439e-07,cosine,4.25356738e+05,True,7.93569342e-03,6.00000000e-02,3.37550067e+03,1.34707910e+02,4.50000000e+00,1
fb03-087__OL07,fb03-087,fb03-087__0072,72,7,noQcorr,9.40120275e-01,3.28533178e-06,3.55997464e-08,cosine,5.72313749e+05,True,5.62794939e-03,6.00000000e-02,3.22095281e+03,1.44774636e+02,4.50000000e+00,1
fb03-087__OL08,fb03-087,fb03-087__0072,72,8,noQcorr,8.99271682e-01,3.01386001e-06,1.86330979e-07,cosine,5.96757434e+05,True,9.68972719e-03,6.00000000e-02,5.78241673e+03,2.15082050e+02,4.50000000e+00,1
fb03-087__OL22,fb03-087,fb03-087__0072,72,22,noQcorr,8.54733035e-01,2.99723040e-06,9.48422056e-08,cosine,5.70348569e+05,True,8.41252613e-03,6.00000000e-02,4.79807224e+03,1.09595119e+02,4.50000000e+00,1
fb03-087__OL23,fb03-087,fb03-087__0075,75,23,noQcorr,2.98559381e-01,2.87897608e-06,9.24711151e-08,cosine,2.07406581e+05,True,2.71598029e-02,6.00000000e-02,5.63312186e+03,5.80175816e+01,4.50000000e+00,1
fb03-087__OL07,fb03-087,fb03-087__0075,75,7,noQcorr,3.75582270e-01,3.29323241e-06,8.58447747e-08,cosine,2.28093389e+05,True,8.36389479e-03,6.00000000e-02,1.90774910e+03,1.79204510e+01,4.50000000e+00,1
fb03-087__OL08,fb03-087,fb03-087__0075,75,8,noQcorr,2.84496515e-01,2.87718752e-06,1.77796212e-07,cosine,1.97760148e+05,True,2.11901130e-02,6.00000000e-02,4.19055988e+03,1.03636377e+01,4.50000000e+00,1
fb03-087__OL22,fb03-087,fb03-087__0075,75,22,noQcorr,3.66688423e-01,3.61508258e-06,2.86330171e-08,cosine,2.02865862e+05,True,2.64214894e-02,6.00000000e-02,5.36001823e+03,8.20435250e+00,4.50000000e+00,1
fb03-087__OL23,fb03-087,fb03-087__0076,76,23,noQcorr,5.76341311e-01,4.59313895e-06,-5.00000000e-07,cosine,2.50957490e+05,True,8.70497171e-02,6.00000000e-02,2.18457785e+04,1.79302262e+01,4.50000000e+00,0
fb03-087__OL07,fb03-087,fb03-087__0076,76,7,noQcorr,4.40847401e-01,2.71728008e-06,2.14817283e-08,cosine,3.24476969e+05,True,9.46355402e-03,6.00000000e-02,3.07070532e+03,1.36163884e+01,4.50000000e+00,1
fb03-087__OL08,fb03-087,fb03-087__0076,76,8,noQcorr,5.72910392e-01,3.07300007e-06,1.09000152e-07,cosine,3.72867151e+05,True,2.20135578e-02,6.00000000e-02,8.20813259e+03,1.48088816e+01,4.50000000e+00,1
fb03-087__OL22,fb03-087,fb03-087__0076,76,22,noQcorr,1.34060294e+00,3.94527045e-06,1.00000000e-06,cosine,6.79600022e+05,True,4.35392035e-02,6.00000000e-02,2.95892437e+04,1.39095708e+01,4.50000000e+00,1
fb03-087__OL23,fb03-087,fb03-087__0077,77,23,noQcorr,5.62219593e-01,3.06107209e-06,9.64152977e-08,cosine,3.67335088e+05,True,9.82989083e-03,6.00000000e-02,3.61086381e+03,1.61046821e+01,4.50000000e+00,1
fb03-087__OL07,fb03-087,fb03-087__0077,77,7,noQcorr,9.74391354e-01,3.42110764e-06,4.58885516e-08,cosine,5.69635018e+05,True,7.81177470e-03,6.00000000e-02,4.44986042e+03,4.11499876e+01,4.50000000e+00,1
fb03-087__OL08,fb03-087,fb03-087__0077,77,8,noQcorr,5.47452359e-01,3.04250988e-06,7.74401687e-08,cosine,3.59868815e+05,True,1.37613522e-02,6.00000000e-02,4.95228150e+03,7.73772835e+00,4.50000000e+00,1
fb03-087__OL22,fb03-087,fb03-087__0077,77,22,noQcorr,1.13466178e+00,3.01302050e-06,8.43841854e-08,cosine,7.53172290e+05,True,3.95347163e-03,6.00000000e-02,2.97764528e+03,7.74625125e+00,4.50000000e+00,1
fb03-087__OL23,fb03-087,fb03-087__0081,81,23,noQcorr,2.78776911e-02,2.45096802e-06,-2.01756028e-07,cosine,2.27483015e+04,True,6.03622848e-02,6.00000000e-02,1.37313945e+03,1.01473603e+01,4.50000000e+00,0
fb03-087__OL07,fb03-087,fb03-087__0081,81,7,noQcorr,7.08194294e-02,3.04825108e-06,5.58572280e-08,cosine,4.64656020e+04,True,1.65010941e-02,6.00000000e-02,7.66733269e+02,8.77191024e+00,4.50000000e+00,1
fb03-087__OL08,fb03-087,fb03-087__0081,81,8,noQcorr,4.35145940e-02,2.56132749e-06,-5.34503674e-10,cosine,3.39781571e+04,True,2.74077618e-02,6.00000000e-02,9.31265237e+02,2.62407578e+00,4.50000000e+00,0
fb03-087__OL22,fb03-087,fb03-087__0081,81,22,noQcorr,1.92378359e-02,1.70905384e-06,2.30078989e-08,cosine,2.25128495e+04,True,2.38877985e-02,6.00000000e-02,5.37782411e+02,1.16803085e+00,4.50000000e+00,0
fb03-087__OL23,fb03-087,fb03-087__0085,85,23,noQcorr,4.27493383e-01,2.73715443e-06,1.05182267e-07,cosine,3.12363364e+05,True,1.08139680e-02,6.00000000e-02,3.37788744e+03,6.41090905e+02,4.50000000e+00,1
fb03-087__OL07,fb03-087,fb03-087__0085,85,7,noQcorr,4.89116365e-01,2.89849319e-06,-4.28998035e-08,cosine,3.37496892e+05,True,8.88307366e-03,6.00000000e-02,2.99800975e+03,9.91309723e+02,4.50000000e+00,1
fb03-087__OL08,fb03-087,fb03-087__0085,85,8,noQcorr,3.34311830e-01,2.53302810e-06,1.72077554e-07,cosine,2.63962196e+05,True,1.69156855e-02,6.00000000e-02,4.46510151e+03,8.56380359e+01,4.50000000e+00,1
fb03-087__OL22,fb03-087,fb03-087__0085,85,22,noQcorr,5.71998265e-01,2.82126247e-06,8.99183012e-08,cosine,4.05490997e+05,True,2.76049029e-02,6.00000000e-02,1.11935396e+04,1.86327950e+02,4.50000000e+00,1
fb03-087__OL23,fb03-087,fb03-087__0088,88,23,noQcorr,6.95056353e-01,2.88103862e-06,1.50246410e-07,cosine,4.82504017e+05,True,1.72991279e-02,6.00000000e-02,8.34689868e+03,2.52470253e+01,4.50000000e+00,1
fb03-087__OL07,fb03-087,fb03-087__0088,88,7,noQcorr,1.29504407e+00,3.32188910e-06,8.52591615e-07,cosine,7.79703377e+05,True,1.70280229e-02,6.00000000e-02,1.32768070e+04,2.83622813e+01,4.50000000e+00,1
fb03-087__OL08,fb03-087,fb03-087__0088,88,8,noQcorr,1.24722222e+00,2.82246769e-06,1.35353284e-07,cosine,8.83781127e+05,True,9.36079869e-03,6.00000000e-02,8.27289722e+03,2.46948242e+01,4.50000000e+00,1
fb03-087__OL22,fb03-087,fb03-087__0088,88,22,noQcorr,2.98556484e+00,4.41899301e-06,1.00000000e-06,cosine,1.35124199e+06,True,1.11819131e-01,6.00000000e-02,1.51094705e+05,9.28549254e+00,4.50000000e+00,0
fb03-087__OL23,fb03-087,fb03-087__0089,89,23,noQcorr,3.61881660e-01,2.83314856e-06,4.26276488e-08,cosine,2.55462537e+05,True,1.61381842e-02,6.00000000e-02,4.12270149e+03,9.99132780e+02,4.50000000e+00,1
fb03-087__OL07,fb03-087,fb03-087__0089,89,7,noQcorr,6.06770793e-01,3.10587636e-06,1.14007058e-07,cosine,3.90724370e+05,True,9.28524243e-03,6.00000000e-02,3.62797050e+03,9.21210929e+02,4.50000000e+00,1
fb03-087__OL08,fb03-087,fb03-087__0089,89,8,noQcorr,4.50178977e-01,2.94518181e-06,1.48624298e-07,cosine,3.05705391e+05,True,1.61898156e-02,6.00000000e-02,4.94931390e+03,1.07372449e+02,4.50000000e+00,1
fb03-087__OL22,fb03-087,fb03-087__0089,89,22,noQcorr,5.34507371e-01,2.80973387e-06,1.46408063e-07,cosine,3.80468326e+05,True,4.72684012e-03,6.00000000e-02,1.79841295e+03,1.26492036e+02,4.50000000e+00,1
fb03-087__OL23,fb03-087,fb03-087__0095,95,23,noQcorr,6.45141477e-01,3.24224241e-06,5.90797124e-08,cosine,3.97959957e+05,True,9.24443871e-03,6.00000000e-02,3.67891643e+03,3.10302983e+01,4.50000000e+00,1
fb03-087__OL07,fb03-087,fb03-087__0095,95,7,noQcorr,1.14399449e+00,3.50468162e-06,1.12418144e-07,cosine,6.52837768e+05,True,1.70726693e-02,6.00000000e-02,1.11456833e+04,3.92750525e+01,4.50000000e+00,1
fb03-087__OL08,fb03-087,fb03-087__0095,95,8,noQcorr,1.02573714e+00,3.29300417e-06,7.87211858e-08,cosine,6.22979559e+05,True,1.22455910e-02,6.00000000e-02,7.62875289e+03,9.37148449e+00,4.50000000e+00,1
fb03-087__OL22,fb03-087,fb03-087__0095,95,22,noQcorr,1.12353374e+00,3.22256125e-06,8.73915269e-08,cosine,6.97292238e+05,True,1.17044209e-02,6.00000000e-02,8.16140184e+03,8.30448973e+00,4.50000000e+00,1
fb03-087__OL23,fb03-087,fb03-087__0099,99,23,noQcorr,5.92858561e-01,3.44502708e-06,1.49694454e-08,cosine,3.44182236e+05,True,1.65445338e-02,6.00000000e-02,5.69433464e+03,1.39390865e+02,4.50000000e+00,1
fb03-087__OL07,fb03-087,fb03-087__0099,99,7,noQcorr,1.07650262e+00,3.62667848e-06,5.61422388e-08,cosine,5.93657487e+05,True,2.00541570e-02,6.00000000e-02,1.19053005e+04,3.42110181e+02,4.50000000e+00,1
fb03-087__OL08,fb03-087,fb03-087__0099,99,8,noQcorr,7.67915058e-01,3.40511059e-06,6.59175251e-08,cosine,4.51036779e+05,True,2.32923215e-02,6.00000000e-02,1.05056937e+04,5.17866914e+01,4.50000000e+00,1
fb03-087__OL22,fb03-087,fb03-087__0099,99,22,noQcorr,1.18902744e+00,3.40213857e-06,1.96536622e-07,cosine,6.98988101e+05,True,1.70807822e-02,6.00000000e-02,1.19392635e+04,5.66885457e+01,4.50000000e+00,1
fb03-087__OL23,fb03-087,fb03-087__0100,100,23,noQcorr,4.18800110e-01,3.14607138e-06,9.28579179e-08,cosine,2.66236811e+05,True,2.02819594e-02,6.00000000e-02,5.39980418e+03,2.44424598e+02,4.50000000e+00,1
fb03-087__OL07,fb03-087,fb03-087__0100,100,7,noQcorr,9.66560553e-01,3.81377549e-06,-1.83908042e-08,cosine,5.06878581e+05,True,1.95569982e-02,6.00000000e-02,9.91302347e+03,7.06021601e+02,4.50000000e+00,1
fb03-087__OL08,fb03-087,fb03-087__0100,100,8,noQcorr,4.60249698e-01,3.06107389e-06,9.64264779e-08,cosine,3.00711263e+05,True,1.68879742e-02,6.00000000e-02,5.07840405e+03,7.08830164e+01,4.50000000e+00,1
fb03-087__OL22,fb03-087,fb03-087__0100,100,22,noQcorr,1.14618124e+00,3.56671973e-06,1.99646976e-07,cosine,6.42708764e+05,True,1.96102462e-02,6.00000000e-02,1.26036771e+04,1.59340902e+02,4.50000000e+00,1
fb03-087__OL23,fb03-087,fb03-087__0102,102,23,noQcorr,6.60227291e-02,2.23185086e-06,-5.75306816e-08,cosine,5.91641049e+04,True,6.74329904e-03,6.00000000e-02,3.98961252e+02,8.95058493e+00,4.50000000e+00,1
fb03-087__OL07,fb03-087,fb03-087__0102,102,7,noQcorr,8.14752753e-02,2.63473247e-06,-1.85781053e-07,cosine,6.18470735e+04,True,2.92906271e-02,6.00000000e-02,1.81153957e+03,1.11595834e+01,4.50000000e+00,1
fb03-087__OL08,fb03-087,fb03-087__0102,102,8,noQcorr,4.27838418e-02,2.03490620e-06,-5.42144489e-09,cosine,4.20499150e+04,True,1.27336541e-02,6.00000000e-02,5.35449070e+02,1.65858886e+00,4.50000000e+00,0
fb03-087__OL22,fb03-087,fb03-087__0102,102,22,noQcorr,6.45257088e-02,2.26921737e-06,5.30612988e-09,cosine,5.68704520e+04,True,3.91233172e-02,6.00000000e-02,2.22496073e+03,3.05047870e+00,4.50000000e+00,0
fb03-087__OL23,fb03-087,fb03-087__0109,109,23,noQcorr,4.51955209e-01,3.11649475e-06,2.24400790e-08,cosine,2.90040658e+05,True,1.13971275e-02,6.00000000e-02,3.30563036e+03,9.06974309e+01,4.50000000e+00,1
fb03-087__OL07,fb03-087,fb03-087__0109,109,7,noQcorr,9.68457795e-01,3.58540936e-06,1.31254503e-07,cosine,5.40221602e+05,True,2.64317135e-02,6.00000000e-02,1.42789826e+04,1.76926169e+02,4.50000000e+00,1
fb03-087__OL08,fb03-087,fb03-087__0109,109,8,noQcorr,4.80539677e-01,3.21324463e-06,8.82222787e-08,cosine,2.99099342e+05,True,2.00012697e-02,6.00000000e-02,5.98236660e+03,7.72982360e+01,4.50000000e+00,1
fb03-087__OL22,fb03-087,fb03-087__0109,109,22,noQcorr,1.13682211e+00,3.42667508e-06,2.47430203e-07,cosine,6.63513080e+05,True,2.07546489e-02,6.00000000e-02,1.37709810e+04,9.49461992e+01,4.50000000e+00,1
fb03-087__OL23,fb03-087,fb03-087__0110,110,23,noQcorr,4.28090483e-02,3.00584006e-06,-2.42881809e-08,cosine,2.84839163e+04,True,1.78550312e-02,6.00000000e-02,5.08581213e+02,6.52537468e+00,4.50000000e+00,1
fb03-087__OL07,fb03-087,fb03-087__0110,110,7,noQcorr,5.89462814e-02,2.85328896e-06,-2.12465793e-07,cosine,4.13181296e+04,True,3.28007832e-02,6.00000000e-02,1.35526701e+03,1.66345149e+01,4.50000000e+00,1
fb03-087__OL08,fb03-087,fb03-087__0110,110,8,noQcorr,2.43717007e-02,2.39347778e-06,1.20457059e-07,cosine,2.03650946e+04,True,2.78324480e-02,6.00000000e-02,5.66810436e+02,1.47570433e+00,4.50000000e+00,0
fb03-087__OL22,fb03-087,fb03-087__0110,110,22,noQcorr,1.49163375e-01,5.18131588e-06,-1.80061206e-07,cosine,5.75774101e+04,True,6.55230160e-02,6.00000000e-02,3.77264556e+03,1.76773481e+00,4.50000000e+00,0
fb03-087__OL23,fb03-087,fb03-087__0111,111,23,noQcorr,4.91719970e-01,3.21092668e-06,1.16474312e-07,cosine,3.06279091e+05,True,1.46785123e-02,6.00000000e-02,4.49572139e+03,1.93285859e+02,4.50000000e+00,1
fb03-087__OL07,fb03-087,fb03-087__0111,111,7,noQcorr,1.04000392e+00,3.56273004e-06,1.65990366e-07,cosine,5.83824036e+05,True,3.25891420e-02,6.00000000e-02,1.90263244e+04,4.36100040e+02,4.50000000e+00,1
fb03-087__OL08,fb03-087,fb03-087__0111,111,8,noQcorr,5.13989655e-01,3.24922618e-06,4.54715092e-08,cosine,3.16376655e+05,True,2.79886872e-02,6.00000000e-02,8.85496723e+03,6.65112110e+01,4.50000000e+00,1
fb03-087__OL22,fb03-087,fb03-087__0111,111,22,noQcorr,1.34933784e+00,3.47074405e-06,3.31691462e-07,cosine,7.77549453e+05,True,2.61096520e-02,6.00000000e-02,2.03015456e+04,2.53665219e+02,4.50000000e+00,1
fb03-087__OL23,fb03-087,fb03-087__0118,118,23,noQcorr,7.16958583e-02,2.28102872e-06,-1.21528261e-07,cosine,6.28627407e+04,True,2.16848904e-02,6.00000000e-02,1.36317164e+03,2.55030709e+02,4.50000000e+00,1
fb03-087__OL07,fb03-087,fb03-087__0118,118,7,noQcorr,5.48565386e-02,2.46274350e-06,-1.85794857e-07,cosine,4.45491105e+04,True,3.22101352e-02,6.00000000e-02,1.43493287e+03,1.09711000e+02,4.50000000e+00,1
fb03-087__OL08,fb03-087,fb03-087__0118,118,8,noQcorr,6.49146144e-02,2.24522104e-06,1.82169366e-07,cosine,5.78246980e+04,True,2.24333748e-02,6.00000000e-02,1.29720312e+03,3.33813962e+01,4.50000000e+00,1
fb03-087__OL22,fb03-087,fb03-087__0118,118,22,noQcorr,4.72258856e-02,2.04527347e-06,-1.18242056e-07,cosine,4.61805096e+04,True,4.06466190e-02,6.00000000e-02,1.87708158e+03,4.63061257e+01,4.50000000e+00,1
fb03-087__OL23,fb03-087,fb03-087__0120,120,23,noQcorr,4.90637989e-01,3.00506358e-06,2.72559525e-07,cosine,3.26540837e+05,True,1.46451289e-02,6.00000000e-02,4.78223265e+03,1.89070316e+02,4.50000000e+00,1
fb03-087__OL07,fb03-087,fb03-087__0120,120,7,noQcorr,1.07076857e+00,3.39792910e-06,3.32194550e-07,cosine,6.30247742e+05,True,2.05200557e-02,6.00000000e-02,1.29327188e+04,5.64219314e+02,4.50000000e+00,1
fb03-087__OL08,fb03-087,fb03-087__0120,120,8,noQcorr,5.91790557e-01,3.54657745e-06,1.17396422e-07,cosine,3.33724809e+05,True,1.29712190e-02,6.00000000e-02,4.32881759e+03,6.52412270e+01,4.50000000e+00,1
fb03-087__OL22,fb03-087,fb03-087__0120,120,22,noQcorr,1.21148386e+00,3.21690749e-06,2.31333869e-07,cosine,7.53197643e+05,True,1.13784862e-02,6.00000000e-02,8.57024896e+03,6.21220711e+01,4.50000000e+00,1
fb03-087__OL23,fb03-087,fb03-087__0126,126,23,noQcorr,1.48935019e-02,2.29004149e-06,1.34660078e-07,cosine,1.30071835e+04,True,1.96830526e-02,6.00000000e-02,2.56021077e+02,1.84403513e+02,4.50000000e+00,1
fb03-087__OL07,fb03-087,fb03-087__0126,126,7,noQcorr,1.84166468e-02,2.66671090e-06,-1.43790719e-07,cosine,1.38122512e+04,True,3.03092336e-02,6.00000000e-02,4.18638749e+02,5.87413394e+01,4.50000000e+00,1
fb03-087__OL08,fb03-087,fb03-087__0126,126,8,noQcorr,9.35178841e-03,2.12120434e-06,1.46910343e-07,cosine,8.81743284e+03,True,1.95466199e-02,6.00000000e-02,1.72351008e+02,1.68768725e+01,4.50000000e+00,1
fb03-087__OL22,fb03-087,fb03-087__0126,126,22,noQcorr,1.17366145e-02,2.00122595e-06,1.18275381e-07,cosine,1.17294247e+04,True,2.80194441e-02,6.00000000e-02,3.28651960e+02,1.94334579e+01,4.50000000e+00,1
fb03-087__OL23,fb03-087,fb03-087__0128,128,23,noQcorr,9.86018712e-03,2.55707738e-06,3.32290672e-08,cosine,7.71207568e+03,True,2.72482774e-02,6.00000000e-02,2.10140778e+02,1.45945168e+02,4.50000000e+00,1
fb03-087__OL07,fb03-087,fb03-087__0128,128,7,noQcorr,1.33681822e-02,2.75484865e-06,-8.52276788e-08,cosine,9.70519950e+03,True,3.12674407e-02,6.00000000e-02,3.03456750e+02,1.75448174e+02,4.50000000e+00,1
fb03-087__OL08,fb03-087,fb03-087__0128,128,8,noQcorr,9.59602040e-03,2.26505232e-06,1.48546042e-07,cosine,8.47311148e+03,True,3.16898283e-02,6.00000000e-02,2.68511448e+02,3.16028100e+01,4.50000000e+00,1
fb03-087__OL22,fb03-087,fb03-087__0128,128,22,noQcorr,8.34252514e-03,2.31840291e-06,1.18803804e-08,cosine,7.19678297e+03,True,3.40848643e-02,6.00000000e-02,2.45301371e+02,2.76875122e+01,4.50000000e+00,1
fb03-087__OL23,fb03-087,fb03-087__0129,129,23,noQcorr,7.63712161e-01,3.00919864e-06,1.27640552e-07,cosine,5.07585077e+05,True,1.16264475e-02,6.00000000e-02,5.90141122e+03,2.51237314e+02,4.50000000e+00,1
fb03-087__OL07,fb03-087,fb03-087__0129,129,7,noQcorr,1.38634893e+00,3.29945398e-06,1.90471686e-07,cosine,8.40350516e+05,True,5.94348234e-03,6.00000000e-02,4.99460845e+03,2.02956086e+02,4.50000000e+00,1
fb03-087__OL08,fb03-087,fb03-087__0129,129,8,noQcorr,1.02666224e+00,3.05309655e-06,1.48259004e-07,cosine,6.72538340e+05,True,8.34101467e-03,6.00000000e-02,5.60965217e+03,7.13782883e+01,4.50000000e+00,1
fb03-087__OL22,fb03-087,fb03-087__0129,129,22,noQcorr,1.56517930e+00,3.16641871e-06,1.59464165e-07,cosine,9.88611465e+05,True,5.94284058e-03,6.00000000e-02,5.87516033e+03,1.68152709e+02,4.50000000e+00,1
fb03-087__OL23,fb03-087,fb03-087__0131,131,23,noQcorr,5.82217508e-01,2.92927371e-06,-1.48911920e-09,cosine,3.97516631e+05,True,6.57533856e-03,6.00000000e-02,2.61380643e+03,1.23827251e+02,4.50000000e+00,1
fb03-087__OL07,fb03-087,fb03-087__0131,131,7,noQcorr,7.25011528e-01,2.92631195e-06,3.09104047e-08,cosine,4.95511983e+05,True,4.11205909e-03,6.00000000e-02,2.03757456e+03,2.03615945e+02,4.50000000e+00,1
fb03-087__OL08,fb03-087,fb03-087__0131,131,8,noQcorr,5.46555268e-01,2.80781651e-06,5.74452610e-08,cosine,3.89309819e+05,True,8.30267179e-03,6.00000000e-02,3.23231165e+03,3.16958995e+01,4.50000000e+00,1
fb03-087__OL22,fb03-087,fb03-087__0131,131,22,noQcorr,1.04501154e+00,3.16119663e-06,2.32917981e-08,cosine,6.61149346e+05,True,1.50151327e-02,6.00000000e-02,9.92724517e+03,3.42811880e+01,4.50000000e+00,1
