,OL,datacase,xs,ys,zs,xi,eta,zeta,xi1,eta1,zeta1,incidentangle,azimuth,rlen_sourcedist,llen
OL10__fb03-087__0017,OL10,fb03-087__0017,  2.41000000,  0.05000000,  0.07000000,  2.74600000, -0.00325000,0,  0.33600000, -0.05325000,0, 81.18082329, 80.99453913,  0.34732055,  0.34019342
OL10__fb03-087__0023,OL10,fb03-087__0023,  2.41000000,  0.05000000,  0.07000000,  2.74700000, -0.00325000,0,  0.33700000, -0.05325000,0, 81.20551630, 81.02082555,  0.34828805,  0.34118113
OL10__fb03-087__0029,OL10,fb03-087__0029,  2.41000000,  0.05000000,  0.07000000,  2.74200000, -0.00575000,0,  0.33200000, -0.05575000,0, 80.66914893, 80.46772815,  0.34384889,  0.33664828
OL10__fb03-087__0033,OL10,fb03-087__0033,  2.41000000,  0.05000000,  0.07000000,  2.74700000, -0.01100000,0,  0.33700000, -0.06100000,0, 79.95005003, 79.74004444,  0.34955686,  0.34247628
OL10__fb03-087__0036,OL10,fb03-087__0036,  2.41000000,  0.05000000,  0.07000000,  2.74450000, -0.00400000,0,  0.33450000, -0.05400000,0, 81.02081020, 80.82957516,  0.34598591,  0.33883071
OL10__fb03-087__0042,OL10,fb03-087__0042,  2.41000000,  0.05000000,  0.07000000,  2.74950000,  0.00275000,0,  0.33950000, -0.04725000,0, 82.23796256, 82.07674072,  0.34984684,  0.34277225
OL10__fb03-087__0065,OL10,fb03-087__0065,  2.41000000,  0.05000000,  0.07000000,  2.74200000, -0.00350000,0,  0.33200000, -0.05350000,0, 81.03949503, 80.84579194,  0.34349127,  0.33628299
OL10__fb03-087__0080,OL10,fb03-087__0080,  2.41000000,  0.05000000,  0.07000000,  2.74600000, -0.00275000,0,  0.33600000, -0.05275000,0, 81.26234862, 81.07773078,  0.34724424,  0.34011551
OL10__fb03-087__0090,OL10,fb03-087__0090,  2.41000000,  0.05000000,  0.07000000,  2.74200000, -0.00525000,0,  0.33200000, -0.05525000,0, 80.75138122, 80.55167114,  0.34376818,  0.33656584
OL10__fb03-087__0093,OL10,fb03-087__0093,  2.41000000,  0.05000000,  0.07000000,  2.74250000, -0.00175000,0,  0.33250000, -0.05175000,0, 81.34036368, 81.15351197,  0.34370672,  0.33650306
OL10__fb03-087__0103,OL10,fb03-087__0103,  2.41000000,  0.05000000,  0.07000000,  2.74300000, -0.00275000,0,  0.33300000, -0.05275000,0, 81.18812642, 80.99866034,  0.34434222,  0.33715214
OL10__fb03-087__0106,OL10,fb03-087__0106,  2.41000000,  0.05000000,  0.07000000,  2.74550000, -0.00175000,0,  0.33550000, -0.05175000,0, 81.41344240, 81.23138139,  0.34660974,  0.33946769
OL10__fb03-087__0107,OL10,fb03-087__0107,  2.41000000,  0.05000000,  0.07000000,  2.74500000, -0.00375000,0,  0.33500000, -0.05375000,0, 81.07428409, 80.88471037,  0.34643046,  0.33928463
OL10__fb03-087__0108,OL10,fb03-087__0108,  2.41000000,  0.05000000,  0.07000000,  2.74450000, -0.00100000,0,  0.33450000, -0.05100000,0, 81.51217930, 81.33108175,  0.34553039,  0.33836556
OL10__fb03-087__0114,OL10,fb03-087__0114,  2.41000000,  0.05000000,  0.07000000,  2.74500000, -0.00575000,0,  0.33500000, -0.05575000,0, 80.74780772, 80.55154582,  0.34674640,  0.33960722
OL10__fb03-087__0115,OL10,fb03-087__0115,  2.41000000,  0.05000000,  0.07000000,  2.74500000, -0.00325000,0,  0.33500000, -0.05325000,0, 81.15599542, 80.96809964,  0.34635323,  0.33920578
OL11__fb03-087__0017,OL11,fb03-087__0017,  2.65000000,  0.05000000,  0.07000000,  2.74600000, -0.00325000,0,  0.09600000, -0.05325000,0, 65.85847453, 60.98341566,  0.13019817,  0.10977961
OL11__fb03-087__0023,OL11,fb03-087__0023,  2.65000000,  0.05000000,  0.07000000,  2.74700000, -0.00325000,0,  0.09700000, -0.05325000,0, 66.00334144, 61.23457557,  0.13093725,  0.11065515
OL11__fb03-087__0029,OL11,fb03-087__0029,  2.65000000,  0.05000000,  0.07000000,  2.74200000, -0.00575000,0,  0.09200000, -0.05575000,0, 64.25408368, 58.78504796,  0.12834353,  0.10757352
OL11__fb03-087__0033,OL11,fb03-087__0033,  2.65000000,  0.05000000,  0.07000000,  2.74700000, -0.01100000,0,  0.09700000, -0.06100000,0, 62.98082022, 57.83560949,  0.13427584,  0.11458621
OL11__fb03-087__0036,OL11,fb03-087__0036,  2.65000000,  0.05000000,  0.07000000,  2.74450000, -0.00400000,0,  0.09450000, -0.05400000,0, 65.33657020, 60.25511870,  0.12940730,  0.10884048
OL11__fb03-087__0042,OL11,fb03-087__0042,  2.65000000,  0.05000000,  0.07000000,  2.74950000,  0.00275000,0,  0.09950000, -0.04725000,0, 68.77436137, 64.59815507,  0.13050982,  0.11014905
OL11__fb03-087__0065,OL11,fb03-087__0065,  2.65000000,  0.05000000,  0.07000000,  2.74200000, -0.00350000,0,  0.09200000, -0.05350000,0, 65.16569275, 59.82106807,  0.12738230,  0.10642486
OL11__fb03-087__0080,OL11,fb03-087__0080,  2.65000000,  0.05000000,  0.07000000,  2.74600000, -0.00275000,0,  0.09600000, -0.05275000,0, 66.05957802, 61.21212228,  0.12999447,  0.10953795
OL11__fb03-087__0090,OL11,fb03-087__0090,  2.65000000,  0.05000000,  0.07000000,  2.74200000, -0.00525000,0,  0.09200000, -0.05525000,0, 64.45547774, 59.01335263,  0.12812713,  0.10731525
OL11__fb03-087__0093,OL11,fb03-087__0093,  2.65000000,  0.05000000,  0.07000000,  2.74250000, -0.00175000,0,  0.09250000, -0.05175000,0, 65.95755914, 60.77475605,  0.12702091,  0.10599204
OL11__fb03-087__0103,OL11,fb03-087__0103,  2.65000000,  0.05000000,  0.07000000,  2.74300000, -0.00275000,0,  0.09300000, -0.05275000,0, 65.62101085, 60.43790624,  0.12779500,  0.10691849
OL11__fb03-087__0106,OL11,fb03-087__0106,  2.65000000,  0.05000000,  0.07000000,  2.74550000, -0.00175000,0,  0.09550000, -0.05175000,0, 66.39220135, 61.54740854,  0.12922195,  0.10862004
OL11__fb03-087__0107,OL11,fb03-087__0107,  2.65000000,  0.05000000,  0.07000000,  2.74500000, -0.00375000,0,  0.09500000, -0.05375000,0, 65.51110905, 60.49927538,  0.12966905,  0.10915156
OL11__fb03-087__0108,OL11,fb03-087__0108,  2.65000000,  0.05000000,  0.07000000,  2.74450000, -0.00100000,0,  0.09450000, -0.05100000,0, 66.55527231, 61.64503821,  0.12818444,  0.10738366
OL11__fb03-087__0114,OL11,fb03-087__0114,  2.65000000,  0.05000000,  0.07000000,  2.74500000, -0.00575000,0,  0.09500000, -0.05575000,0, 64.71204497, 59.59379476,  0.13051078,  0.11015018
OL11__fb03-087__0115,OL11,fb03-087__0115,  2.65000000,  0.05000000,  0.07000000,  2.74500000, -0.00325000,0,  0.09500000, -0.05325000,0, 65.71248635, 60.72822230,  0.12946259,  0.10890621
OL12__fb03-087__0017,OL12,fb03-087__0017,  2.91000000,  0.05000000,  0.07000000,  2.74600000, -0.00325000,0, -0.16400000, -0.05325000,0, 73.37279925,-72.01163922,  0.18609557,  0.17242843
OL12__fb03-087__0023,OL12,fb03-087__0023,  2.91000000,  0.05000000,  0.07000000,  2.74700000, -0.00325000,0, -0.16300000, -0.05325000,0, 73.29142578,-71.90845192,  0.18521491,  0.17147759
OL12__fb03-087__0029,OL12,fb03-087__0029,  2.91000000,  0.05000000,  0.07000000,  2.74200000, -0.00575000,0, -0.16800000, -0.05575000,0, 72.96919501,-71.64182082,  0.19034722,  0.17700865
OL12__fb03-087__0033,OL12,fb03-087__0033,  2.91000000,  0.05000000,  0.07000000,  2.74700000, -0.01100000,0, -0.16300000, -0.06100000,0, 71.02368387,-69.48248590,  0.18758998,  0.17404023
OL12__fb03-087__0036,OL12,fb03-087__0036,  2.91000000,  0.05000000,  0.07000000,  2.74450000, -0.00400000,0, -0.16550000, -0.05400000,0, 73.27398314,-71.92932461,  0.18763329,  0.17408690
OL12__fb03-087__0042,OL12,fb03-087__0042,  2.91000000,  0.05000000,  0.07000000,  2.74950000,  0.00275000,0, -0.16050000, -0.04725000,0, 74.89871617,-73.59596541,  0.18136376,  0.16731053
OL12__fb03-087__0065,OL12,fb03-087__0065,  2.91000000,  0.05000000,  0.07000000,  2.74200000, -0.00350000,0, -0.16800000, -0.05350000,0, 73.61898202,-72.33579992,  0.18970042,  0.17631293
OL12__fb03-087__0080,OL12,fb03-087__0080,  2.91000000,  0.05000000,  0.07000000,  2.74600000, -0.00275000,0, -0.16400000, -0.05275000,0, 73.52041743,-72.16980289,  0.18595312,  0.17227467
OL12__fb03-087__0090,OL12,fb03-087__0090,  2.91000000,  0.05000000,  0.07000000,  2.74200000, -0.00525000,0, -0.16800000, -0.05525000,0, 73.11320888,-71.79556492,  0.19020137,  0.17685181
OL12__fb03-087__0093,OL12,fb03-087__0093,  2.91000000,  0.05000000,  0.07000000,  2.74250000, -0.00175000,0, -0.16750000, -0.05175000,0, 74.08908849,-72.83119289,  0.18877053,  0.17531204
OL12__fb03-087__0103,OL12,fb03-087__0103,  2.91000000,  0.05000000,  0.07000000,  2.74300000, -0.00275000,0, -0.16700000, -0.05275000,0, 73.75852471,-72.47032676,  0.18860425,  0.17513299
OL12__fb03-087__0106,OL12,fb03-087__0106,  2.91000000,  0.05000000,  0.07000000,  2.74550000, -0.00175000,0, -0.16450000, -0.05175000,0, 73.85579577,-72.53696337,  0.18611371,  0.17244800
OL12__fb03-087__0107,OL12,fb03-087__0107,  2.91000000,  0.05000000,  0.07000000,  2.74500000, -0.00375000,0, -0.16500000, -0.05375000,0, 73.30672262,-71.95658799,  0.18712045,  0.17353404
OL12__fb03-087__0108,OL12,fb03-087__0108,  2.91000000,  0.05000000,  0.07000000,  2.74450000, -0.00100000,0, -0.16550000, -0.05100000,0, 74.15529287,-72.87294678,  0.18679200,  0.17317982
OL12__fb03-087__0114,OL12,fb03-087__0114,  2.91000000,  0.05000000,  0.07000000,  2.74500000, -0.00575000,0, -0.16500000, -0.05575000,0, 72.72195235,-71.33097984,  0.18770472,  0.17416390
OL12__fb03-087__0115,OL12,fb03-087__0115,  2.91000000,  0.05000000,  0.07000000,  2.74500000, -0.00325000,0, -0.16500000, -0.05325000,0, 73.45348145,-72.11369440,  0.18697744,  0.17337982
OL26__fb03-087__0017,OL26,fb03-087__0017,  2.53500000, -0.05000000,  0.07000000,  2.74600000, -0.00325000,0, -0.21100000, -0.04675000,0, 78.12411575,-77.50713694,  0.22717078,  0.21611701
OL26__fb03-087__0023,OL26,fb03-087__0023,  2.53500000, -0.05000000,  0.07000000,  2.74700000, -0.00325000,0, -0.21200000, -0.04675000,0, 78.17319016,-77.56422807,  0.22809990,  0.21709344
OL26__fb03-087__0029,OL26,fb03-087__0029,  2.53500000, -0.05000000,  0.07000000,  2.74200000, -0.00575000,0, -0.20700000, -0.04425000,0, 78.55224701,-77.93360015,  0.22295081,  0.21167679
OL26__fb03-087__0033,OL26,fb03-087__0033,  2.53500000, -0.05000000,  0.07000000,  2.74700000, -0.01100000,0, -0.21200000, -0.03900000,0, 80.09121029,-79.57628279,  0.22663848,  0.21555742
OL26__fb03-087__0036,OL26,fb03-087__0036,  2.53500000, -0.05000000,  0.07000000,  2.74450000, -0.00400000,0, -0.20950000, -0.04600000,0, 78.23612129,-77.61606121,  0.22562413,  0.21449068
OL26__fb03-087__0042,OL26,fb03-087__0042,  2.53500000, -0.05000000,  0.07000000,  2.74950000,  0.00275000,0, -0.21450000, -0.05275000,0, 76.84134398,-76.18394236,  0.23171710,  0.22089095
OL26__fb03-087__0065,OL26,fb03-087__0065,  2.53500000, -0.05000000,  0.07000000,  2.74200000, -0.00350000,0, -0.20700000, -0.04650000,0, 77.98667739,-77.33937708,  0.22340826,  0.21215855
OL26__fb03-087__0080,OL26,fb03-087__0080,  2.53500000, -0.05000000,  0.07000000,  2.74600000, -0.00275000,0, -0.21100000, -0.04725000,0, 78.00076377,-77.37778315,  0.22727420,  0.21622572
OL26__fb03-087__0090,OL26,fb03-087__0090,  2.53500000, -0.05000000,  0.07000000,  2.74200000, -0.00525000,0, -0.20700000, -0.04475000,0, 78.42636527,-77.80131797,  0.22305058,  0.21178187
OL26__fb03-087__0093,OL26,fb03-087__0093,  2.53500000, -0.05000000,  0.07000000,  2.74250000, -0.00175000,0, -0.20750000, -0.04825000,0, 77.57451818,-76.90962995,  0.22424164,  0.21303594
OL26__fb03-087__0103,OL26,fb03-087__0103,  2.53500000, -0.05000000,  0.07000000,  2.74300000, -0.00275000,0, -0.20800000, -0.04725000,0, 77.84978631,-77.20168705,  0.22449179,  0.21329923
OL26__fb03-087__0106,OL26,fb03-087__0106,  2.53500000, -0.05000000,  0.07000000,  2.74550000, -0.00175000,0, -0.21050000, -0.04825000,0, 77.72899824,-77.08989753,  0.22702051,  0.21595905
OL26__fb03-087__0107,OL26,fb03-087__0107,  2.53500000, -0.05000000,  0.07000000,  2.74500000, -0.00375000,0, -0.21000000, -0.04625000,0, 78.19861004,-77.57957005,  0.22613948,  0.21503270
OL26__fb03-087__0108,OL26,fb03-087__0108,  2.53500000, -0.05000000,  0.07000000,  2.74450000, -0.00100000,0, -0.20950000, -0.04900000,0, 77.49235038,-76.83572193,  0.22625483,  0.21515401
OL26__fb03-087__0114,OL26,fb03-087__0114,  2.53500000, -0.05000000,  0.07000000,  2.74500000, -0.00575000,0, -0.21000000, -0.04425000,0, 78.69551494,-78.10102955,  0.22573893,  0.21461142
OL26__fb03-087__0115,OL26,fb03-087__0115,  2.53500000, -0.05000000,  0.07000000,  2.74500000, -0.00325000,0, -0.21000000, -0.04675000,0, 78.07466165,-77.44952764,  0.22624227,  0.21514080
OL27__fb03-087__0017,OL27,fb03-087__0017,  2.78500000, -0.05000000,  0.07000000,  2.74600000, -0.00325000,0,  0.03900000, -0.04675000,0, 59.73991735, 39.83569505,  0.09277156,  0.06088154
OL27__fb03-087__0023,OL27,fb03-087__0023,  2.78500000, -0.05000000,  0.07000000,  2.74700000, -0.00325000,0,  0.03800000, -0.04675000,0, 59.58925879, 39.10539185,  0.09235563,  0.06024585
OL27__fb03-087__0029,OL27,fb03-087__0029,  2.78500000, -0.05000000,  0.07000000,  2.74200000, -0.00575000,0,  0.04300000, -0.04425000,0, 61.69159567, 44.17919971,  0.09331164,  0.06170140
OL27__fb03-087__0033,OL27,fb03-087__0033,  2.78500000, -0.05000000,  0.07000000,  2.74700000, -0.01100000,0,  0.03800000, -0.03900000,0, 63.91146184, 44.25594080,  0.08868484,  0.05445181
OL27__fb03-087__0036,OL27,fb03-087__0036,  2.78500000, -0.05000000,  0.07000000,  2.74450000, -0.00400000,0,  0.04050000, -0.04600000,0, 60.36872042, 41.36181342,  0.09303897,  0.06128825
OL27__fb03-087__0042,OL27,fb03-087__0042,  2.78500000, -0.05000000,  0.07000000,  2.74950000,  0.00275000,0,  0.03550000, -0.05275000,0, 56.09559975, 33.93999301,  0.09456644,  0.06358311
OL27__fb03-087__0065,OL27,fb03-087__0065,  2.78500000, -0.05000000,  0.07000000,  2.74200000, -0.00350000,0,  0.04300000, -0.04650000,0, 60.48918838, 42.76052406,  0.09439942,  0.06333443
OL27__fb03-087__0080,OL27,fb03-087__0080,  2.78500000, -0.05000000,  0.07000000,  2.74600000, -0.00275000,0,  0.03900000, -0.04725000,0, 59.47391639, 39.53615719,  0.09302453,  0.06126632
OL27__fb03-087__0090,OL27,fb03-087__0090,  2.78500000, -0.05000000,  0.07000000,  2.74200000, -0.00525000,0,  0.04300000, -0.04475000,0, 61.42198609, 43.85750058,  0.09354979,  0.06206096
OL27__fb03-087__0093,OL27,fb03-087__0093,  2.78500000, -0.05000000,  0.07000000,  2.74250000, -0.00175000,0,  0.04250000, -0.04825000,0, 59.49371321, 41.37453532,  0.09504900,  0.06429862
OL27__fb03-087__0103,OL27,fb03-087__0103,  2.78500000, -0.05000000,  0.07000000,  2.74300000, -0.00275000,0,  0.04200000, -0.04725000,0, 59.93740998, 41.63353934,  0.09432159,  0.06321837
OL27__fb03-087__0106,OL27,fb03-087__0106,  2.78500000, -0.05000000,  0.07000000,  2.74550000, -0.00175000,0,  0.03950000, -0.04825000,0, 59.02335533, 39.30556928,  0.09374600,  0.06235633
OL27__fb03-087__0107,OL27,fb03-087__0107,  2.78500000, -0.05000000,  0.07000000,  2.74500000, -0.00375000,0,  0.04000000, -0.04625000,0, 60.15880312, 40.85537626,  0.09294656,  0.06114787
OL27__fb03-087__0108,OL27,fb03-087__0108,  2.78500000, -0.05000000,  0.07000000,  2.74450000, -0.00100000,0,  0.04050000, -0.04900000,0, 58.78844746, 39.57477363,  0.09455818,  0.06357083
OL27__fb03-087__0114,OL27,fb03-087__0114,  2.78500000, -0.05000000,  0.07000000,  2.74500000, -0.00575000,0,  0.04000000, -0.04425000,0, 61.23965532, 42.11215637,  0.09196773,  0.05964950
OL27__fb03-087__0115,OL27,fb03-087__0115,  2.78500000, -0.05000000,  0.07000000,  2.74500000, -0.00325000,0,  0.04000000, -0.04675000,0, 59.89216723, 40.55079155,  0.09319637,  0.06152693
OL28__fb03-087__0017,OL28,fb03-087__0017,  3.03500000, -0.05000000,  0.07000000,  2.74600000, -0.00325000,0,  0.28900000, -0.04675000,0, 81.06517520, 80.81116392,  0.30100924,  0.29275683
OL28__fb03-087__0023,OL28,fb03-087__0023,  3.03500000, -0.05000000,  0.07000000,  2.74700000, -0.00325000,0,  0.28800000, -0.04675000,0, 81.03635412, 80.77980530,  0.30004927,  0.29176971
OL28__fb03-087__0029,OL28,fb03-087__0029,  3.03500000, -0.05000000,  0.07000000,  2.74200000, -0.00575000,0,  0.29300000, -0.04425000,0, 81.64357994, 81.41186931,  0.30447834,  0.29632256
OL28__fb03-087__0033,OL28,fb03-087__0033,  3.03500000, -0.05000000,  0.07000000,  2.74700000, -0.01100000,0,  0.28800000, -0.03900000,0, 82.50376443, 82.28810759,  0.29893979,  0.29062863
OL28__fb03-087__0036,OL28,fb03-087__0036,  3.03500000, -0.05000000,  0.07000000,  2.74450000, -0.00400000,0,  0.29050000, -0.04600000,0, 81.24849924, 81.00205488,  0.30233467,  0.29411945
OL28__fb03-087__0042,OL28,fb03-087__0042,  3.03500000, -0.05000000,  0.07000000,  2.74950000,  0.00275000,0,  0.28550000, -0.05275000,0, 79.82663616, 79.53188042,  0.29865166,  0.29033225
OL28__fb03-087__0065,OL28,fb03-087__0065,  3.03500000, -0.05000000,  0.07000000,  2.74200000, -0.00350000,0,  0.29300000, -0.04650000,0, 81.22513399, 80.98219141,  0.30481347,  0.29666690
OL28__fb03-087__0080,OL28,fb03-087__0080,  3.03500000, -0.05000000,  0.07000000,  2.74600000, -0.00275000,0,  0.28900000, -0.04725000,0, 80.97118160, 80.71459051,  0.30108730,  0.29283709
OL28__fb03-087__0090,OL28,fb03-087__0090,  3.03500000, -0.05000000,  0.07000000,  2.74200000, -0.00525000,0,  0.29300000, -0.04475000,0, 81.55051273, 81.31629944,  0.30455141,  0.29639764
OL28__fb03-087__0093,OL28,fb03-087__0093,  3.03500000, -0.05000000,  0.07000000,  2.74250000, -0.00175000,0,  0.29250000, -0.04825000,0, 80.88585838, 80.63299856,  0.30460517,  0.29645288
OL28__fb03-087__0103,OL28,fb03-087__0103,  3.03500000, -0.05000000,  0.07000000,  2.74300000, -0.00275000,0,  0.29200000, -0.04725000,0, 81.05745350, 80.80835196,  0.30396803,  0.29579818
OL28__fb03-087__0106,OL28,fb03-087__0106,  3.03500000, -0.05000000,  0.07000000,  2.74550000, -0.00175000,0,  0.28950000, -0.04825000,0, 80.79812260, 80.53767779,  0.30172556,  0.29349329
OL28__fb03-087__0107,OL28,fb03-087__0107,  3.03500000, -0.05000000,  0.07000000,  2.74500000, -0.00375000,0,  0.29000000, -0.04625000,0, 81.18756877, 80.93862142,  0.30189247,  0.29366488
OL28__fb03-087__0108,OL28,fb03-087__0108,  3.03500000, -0.05000000,  0.07000000,  2.74450000, -0.00100000,0,  0.29050000, -0.04900000,0, 80.68745003, 80.42577211,  0.30280563,  0.29460355
OL28__fb03-087__0114,OL28,fb03-087__0114,  3.03500000, -0.05000000,  0.07000000,  2.74500000, -0.00575000,0,  0.29000000, -0.04425000,0, 81.56304103, 81.32437158,  0.30159254,  0.29335655
OL28__fb03-087__0115,OL28,fb03-087__0115,  3.03500000, -0.05000000,  0.07000000,  2.74500000, -0.00325000,0,  0.29000000, -0.04675000,0, 81.09381850, 80.84231178,  0.30196947,  0.29374404
