,index,gid
0,OL01__BD_0220,0
1,OL01__BD_0340,1
2,OL01__BD_0460,2
3,OL01__BD_0580,3
4,OL02__BD_0220,4
5,OL02__BD_0340,5
6,OL02__BD_0460,6
7,OL02__BD_0580,7
8,OL02__BD_0700,8
9,OL03__BD_0340,9
10,OL03__BD_0460,10
11,OL03__BD_0580,11
12,OL03__BD_0700,12
13,OL03__BD_0820,13
14,OL03__BD_0940,14
15,OL04__BD_0580,15
16,OL04__BD_0700,16
17,OL04__BD_0820,17
18,OL04__BD_0940,18
19,OL04__BD_1060,19
20,OL04__BD_1180,20
21,OL05__BD_0820,21
22,OL05__BD_0940,22
23,OL05__BD_1060,23
24,OL05__BD_1180,24
25,OL05__BD_1300,25
26,OL05__BD_1420,26
27,OL05__BD_1540,27
28,OL06__BD_1060,28
29,OL06__BD_1180,29
30,OL06__BD_1300,30
31,OL06__BD_1420,31
32,OL06__BD_1540,32
33,OL06__BD_1660,33
34,OL07__BD_1300,34
35,OL07__BD_1420,35
36,OL07__BD_1540,36
37,OL07__BD_1660,37
38,OL07__BD_1780,38
39,OL07__BD_1900,39
40,OL07__BD_2020,40
41,OL08__BD_1540,41
42,OL08__BD_1660,42
43,OL08__BD_1780,43
44,OL08__BD_1900,44
45,OL08__BD_2020,45
46,OL08__BD_2140,46
47,OL08__BD_2260,47
48,OL09__BD_1780,48
49,OL09__BD_1900,49
50,OL09__BD_2020,50
51,OL09__BD_2140,51
52,OL09__BD_2260,52
53,OL09__BD_2380,53
54,OL09__BD_2500,54
55,OL10__BD_2020,55
56,OL10__BD_2140,56
57,OL10__BD_2260,57
58,OL10__BD_2380,58
59,OL10__BD_2500,59
60,OL10__BD_2620,60
61,OL10__BD_2740,61
62,OL11__BD_2380,62
63,OL11__BD_2500,63
64,OL11__BD_2620,64
65,OL11__BD_2740,65
66,OL11__BD_2860,66
67,OL11__BD_2980,67
68,OL12__BD_2620,68
69,OL12__BD_2740,69
70,OL12__BD_2860,70
71,OL12__BD_2980,71
72,OL12__BD_3100,72
73,OL12__BD_3220,73
74,OL13__BD_2860,74
75,OL13__BD_2980,75
76,OL13__BD_3100,76
77,OL13__BD_3220,77
78,OL13__BD_3340,78
79,OL13__BD_3460,79
80,OL14__BD_3100,80
81,OL14__BD_3220,81
82,OL14__BD_3340,82
83,OL14__BD_3460,83
84,OL14__BD_3580,84
85,OL14__BD_3700,85
86,OL15__BD_3340,86
87,OL15__BD_3460,87
88,OL15__BD_3580,88
89,OL15__BD_3700,89
90,OL15__BD_3820,90
91,OL15__BD_3940,91
92,OL16__BD_3580,92
93,OL16__BD_3700,93
94,OL16__BD_3820,94
95,OL16__BD_3940,95
96,OL17__BD_0220,96
97,OL17__BD_0340,97
98,OL17__BD_0460,98
99,OL17__BD_0580,99
100,OL18__BD_0220,100
101,OL18__BD_0340,101
102,OL18__BD_0460,102
103,OL18__BD_0580,103
104,OL18__BD_0700,104
105,OL18__BD_0820,105
106,OL19__BD_0460,106
107,OL19__BD_0580,107
108,OL19__BD_0700,108
109,OL19__BD_0820,109
110,OL19__BD_0940,110
111,OL19__BD_1060,111
112,OL19__BD_1180,112
113,OL20__BD_0700,113
114,OL20__BD_0820,114
115,OL20__BD_0940,115
116,OL20__BD_1060,116
117,OL20__BD_1180,117
118,OL20__BD_1300,118
119,OL20__BD_1420,119
120,OL21__BD_0940,120
121,OL21__BD_1060,121
122,OL21__BD_1180,122
123,OL21__BD_1300,123
124,OL21__BD_1420,124
125,OL21__BD_1540,125
126,OL21__BD_1660,126
127,OL22__BD_1180,127
128,OL22__BD_1300,128
129,OL22__BD_1420,129
130,OL22__BD_1540,130
131,OL22__BD_1660,131
132,OL22__BD_1780,132
133,OL22__BD_1900,133
134,OL23__BD_1420,134
135,OL23__BD_1540,135
136,OL23__BD_1660,136
137,OL23__BD_1780,137
138,OL23__BD_1900,138
139,OL23__BD_2020,139
140,OL23__BD_2140,140
141,OL24__BD_1660,141
142,OL24__BD_1780,142
143,OL24__BD_1900,143
144,OL24__BD_2020,144
145,OL24__BD_2140,145
146,OL24__BD_2260,146
147,OL24__BD_2380,147
148,OL25__BD_1900,148
149,OL25__BD_2020,149
150,OL25__BD_2140,150
151,OL25__BD_2260,151
152,OL25__BD_2380,152
153,OL25__BD_2500,153
154,OL25__BD_2620,154
155,OL26__BD_2260,155
156,OL26__BD_2380,156
157,OL26__BD_2500,157
158,OL26__BD_2620,158
159,OL26__BD_2740,159
160,OL26__BD_2860,160
161,OL27__BD_2500,161
162,OL27__BD_2620,162
163,OL27__BD_2740,163
164,OL27__BD_2860,164
165,OL27__BD_2980,165
166,OL27__BD_3100,166
167,OL28__BD_2740,167
168,OL28__BD_2860,168
169,OL28__BD_2980,169
170,OL28__BD_3100,170
171,OL28__BD_3220,171
172,OL28__BD_3340,172
173,OL29__BD_2980,173
174,OL29__BD_3100,174
175,OL29__BD_3220,175
176,OL29__BD_3340,176
177,OL29__BD_3460,177
178,OL29__BD_3580,178
179,OL30__BD_3220,179
180,OL30__BD_3340,180
181,OL30__BD_3460,181
182,OL30__BD_3580,182
183,OL30__BD_3700,183
184,OL30__BD_3820,184
185,OL31__BD_3460,185
186,OL31__BD_3580,186
187,OL31__BD_3700,187
188,OL31__BD_3820,188
189,OL31__BD_3940,189
190,OL32__BD_3700,190
191,OL32__BD_3820,191
192,OL32__BD_3940,192
