,t,loc_slip,loc_traction
0,0.0,0.0,4795299.0
1,9.777979e-09,-9.125863e-26,4795299.0
2,1.955596e-08,1.4779928e-25,4795299.0
3,2.933394e-08,8.755361e-26,4795299.0
4,3.911191e-08,2.116236e-25,4795298.5
5,4.888989e-08,7.160474e-26,4795299.0
6,5.866787e-08,4.579419e-26,4795299.0
7,6.844585e-08,3.852454e-26,4795299.5
8,7.822383e-08,3.8279712e-25,4795299.0
9,8.800181e-08,2.5738823e-25,4795298.0
10,9.777979e-08,6.743259e-25,4795299.0
11,1.075578e-07,4.0709026e-25,4795300.0
12,1.173357e-07,2.3640677e-25,4795299.0
13,1.271137e-07,6.443309e-25,4795298.0
14,1.368917e-07,8.392106e-26,4795299.0
15,1.466697e-07,1.5192206e-25,4795300.0
16,1.564477e-07,3.2947456e-25,4795299.5
17,1.662256e-07,2.2136608e-25,4795298.5
18,1.760036e-07,3.7025201e-25,4795298.5
19,1.857816e-07,2.7690884e-25,4795299.5
20,1.955596e-07,6.9113297e-25,4795300.0
21,2.053375e-07,9.253493e-25,4795299.0
22,2.151155e-07,1.0547429e-24,4795297.0
23,2.248935e-07,5.652516e-25,4795299.5
24,2.346715e-07,6.2162737e-25,4795301.5
25,2.444495e-07,3.3802907e-25,4795299.0
26,2.542274e-07,5.6290205e-25,4795296.5
27,2.640054e-07,2.3962192e-25,4795299.5
28,2.737834e-07,2.7337787e-25,4795303.0
29,2.835614e-07,5.7428226e-25,4795298.5
30,2.933394e-07,5.937052e-25,4795295.5
31,3.031173e-07,6.466792e-25,4795299.5
32,3.128953e-07,7.8516213e-25,4795304.5
33,3.226733e-07,6.4030504e-25,4795309.0
34,3.324513e-07,7.5138927e-25,4795336.5
35,3.422292e-07,1.2212313e-24,4795399.5
36,3.520072e-07,7.5183882e-25,4795495.0
37,3.617852e-07,5.6484615e-25,4795619.5
38,3.715632e-07,2.2247002e-25,4795792.5
39,3.813412e-07,4.6157997e-25,4796027.5
40,3.911191e-07,7.368642e-25,4796315.0
41,4.008971e-07,1.1550473e-24,4796659.5
42,4.106751e-07,1.2332058e-24,4797086.0
43,4.204531e-07,1.5441802e-24,4797599.0
44,4.302311e-07,1.3112261e-24,4798186.0
45,4.40009e-07,1.4592433e-24,4798870.0
46,4.49787e-07,1.4537099e-24,4799688.5
47,4.59565e-07,1.5997904e-24,4800616.5
48,4.69343e-07,1.35300285e-24,4801658.0
49,4.791209e-07,1.6551239e-24,4802863.5
50,4.888989e-07,1.4238298e-24,4804256.5
51,4.986769e-07,1.4205098e-24,4805794.0
52,5.084549e-07,1.3850964e-24,4807535.0
53,5.182329e-07,8.074144e-25,4809534.0
54,5.280108e-07,6.414139e-25,4811763.5
55,5.377888e-07,4.355732e-25,4814057.5
56,5.475668e-07,9.357882e-25,4816381.5
57,5.573448e-07,9.86695e-25,4818816.5
58,5.671228e-07,5.2632016e-25,4821345.5
59,5.769007e-07,-1.15215955e-26,4824080.0
60,5.866787e-07,1.0799879e-25,4827094.5
61,5.964567e-07,2.9391942e-25,4830239.0
62,6.062347e-07,3.8687972e-25,4833681.0
63,6.160126e-07,9.471876e-26,4837577.0
64,6.257906e-07,-1.1776194e-25,4841660.5
65,6.355686e-07,-2.240023e-25,4846195.0
66,6.453466e-07,-5.294433e-25,4851382.0
67,6.551246e-07,-6.6224375e-25,4856870.5
68,6.649025e-07,-8.52591e-25,4863052.0
69,6.746805e-07,-9.411247e-25,4870258.0
70,6.844585e-07,-9.145646e-25,4877984.5
71,6.942365e-07,-7.197906e-25,4887037.5
72,7.040145e-07,-1.1181919e-24,4897579.0
73,7.137924e-07,-1.0030982e-24,4909137.0
74,7.235704e-07,-8.348843e-25,4923591.5
75,7.333484e-07,-9.942448e-25,4939328.5
76,7.431264e-07,-1.2067256e-24,4958991.0
77,7.529043e-07,-8.348843e-25,4982696.0
78,7.626823e-07,-5.515767e-25,5011160.0
79,7.724603e-07,-3.39096e-25,5051365.0
80,7.822383e-07,-7.2864395e-25,5108468.0
81,7.920163e-07,1.4518304e-11,5183419.5
82,8.017942e-07,1.6802e-10,5176148.0
83,8.115722e-07,4.232684e-10,5164056.5
84,8.213502e-07,8.455018e-10,5144054.5
85,8.311282e-07,1.5159481e-09,5112295.0
86,8.409062e-07,2.41455e-09,5069727.0
87,8.506841e-07,3.5659782e-09,5015182.5
88,8.604621e-07,4.997282e-09,4947380.0
89,8.702401e-07,6.7152883e-09,4865996.0
90,8.800181e-07,8.770208e-09,4768652.0
91,8.89796e-07,1.1188674e-08,4654086.0
92,8.99574e-07,1.4001817e-08,4520824.0
93,9.09352e-07,1.7267128e-08,4366142.5
94,9.1913e-07,2.102386e-08,4188181.5
95,9.28908e-07,2.5318181e-08,3984754.5
96,9.386859e-07,3.022154e-08,3752476.5
97,9.484639e-07,3.578351e-08,3488999.2
98,9.582419e-07,4.189501e-08,3199490.0
99,9.680199e-07,4.840126e-08,2891281.2
100,9.777979e-07,5.5189602e-08,2569709.5
101,9.875758e-07,6.2154335e-08,2239781.8
102,9.973538e-07,6.9155945e-08,1908107.1
103,1.007132e-06,7.576439e-08,1800000.0
104,1.01691e-06,8.186793e-08,1800000.0
105,1.026688e-06,8.7720295e-08,1800000.0
106,1.036466e-06,9.340187e-08,1800000.0
107,1.046244e-06,9.894319e-08,1800000.0
108,1.056022e-06,1.04357056e-07,1800000.0
109,1.0658e-06,1.09666914e-07,1800000.0
110,1.075578e-06,1.1488544e-07,1800000.0
111,1.085356e-06,1.2001034e-07,1800000.0
112,1.095134e-06,1.2504249e-07,1800000.0
113,1.104912e-06,1.2999558e-07,1800000.0
114,1.11469e-06,1.348696e-07,1800000.0
115,1.124468e-06,1.3965885e-07,1800000.0
116,1.134246e-06,1.4437217e-07,1800000.0
117,1.144023e-06,1.4902041e-07,1800000.0
118,1.153801e-06,1.5359703e-07,1800000.0
119,1.163579e-06,1.5810001e-07,1800000.0
120,1.173357e-06,1.6254702e-07,1800000.0
121,1.183135e-06,1.6693593e-07,1800000.0
122,1.192913e-06,1.7126109e-07,1800000.0
123,1.202691e-06,1.7553235e-07,1800000.0
124,1.212469e-06,1.7975742e-07,1800000.0
125,1.222247e-06,1.8392949e-07,1800000.0
126,1.232025e-06,1.8804995e-07,1800000.0
127,1.241803e-06,1.9213039e-07,1800000.0
128,1.251581e-06,1.9616776e-07,1800000.0
129,1.261359e-06,2.0016097e-07,1800000.0
130,1.271137e-06,2.041151e-07,1800000.0
131,1.280915e-06,2.0803488e-07,1800000.0
132,1.290693e-06,2.119174e-07,1800000.0
133,1.300471e-06,2.157664e-07,1800000.0
134,1.310249e-06,2.1958189e-07,1800000.0
135,1.320027e-06,2.2336653e-07,1800000.0
136,1.329805e-06,2.271243e-07,1800000.0
137,1.339583e-06,2.3085205e-07,1800000.0
138,1.349361e-06,2.3454979e-07,1800000.0
139,1.359139e-06,2.3822396e-07,1800000.0
140,1.368917e-06,2.4187528e-07,1800000.0
141,1.378695e-06,2.4549877e-07,1800000.0
142,1.388473e-06,2.490975e-07,1800000.0
143,1.398251e-06,2.5267806e-07,1800000.0
144,1.408029e-06,2.5623697e-07,1800000.0
145,1.417807e-06,2.597724e-07,1800000.0
146,1.427585e-06,2.6328806e-07,1800000.0
147,1.437363e-06,2.6678742e-07,1800000.0
148,1.447141e-06,2.7026624e-07,1800000.0
149,1.456919e-06,2.7372718e-07,1800000.0
150,1.466697e-06,2.7716993e-07,1800000.0
151,1.476475e-06,2.8059722e-07,1800000.0
152,1.486253e-06,2.84007e-07,1800000.0
153,1.496031e-06,2.8740283e-07,1800000.0
154,1.505809e-06,2.9078103e-07,1800000.0
155,1.515587e-06,2.941453e-07,1800000.0
156,1.525365e-06,2.9749677e-07,1800000.0
157,1.535143e-06,3.008353e-07,1800000.0
158,1.544921e-06,3.0415885e-07,1800000.0
159,1.554699e-06,3.0747162e-07,1800000.0
160,1.564477e-06,3.1077516e-07,1800000.0
161,1.574255e-06,3.140658e-07,1800000.0
162,1.584033e-06,3.1734254e-07,1800000.0
163,1.59381e-06,3.2060933e-07,1800000.0
164,1.603588e-06,3.2386595e-07,1801101.0
165,1.613366e-06,3.271043e-07,1806093.2
166,1.623144e-06,3.303161e-07,1815026.5
167,1.632922e-06,3.3349477e-07,1827777.6
168,1.6427e-06,3.3663014e-07,1844173.8
169,1.652478e-06,3.3971472e-07,1864015.4
170,1.662256e-06,3.4274092e-07,1887069.8
171,1.672034e-06,3.457036e-07,1913096.6
172,1.681812e-06,3.485955e-07,1941813.8
173,1.69159e-06,3.514196e-07,1973030.0
174,1.701368e-06,3.541705e-07,2006467.1
175,1.711146e-06,3.5684297e-07,2041829.0
176,1.720924e-06,3.5942594e-07,2078718.0
177,1.730702e-06,3.6191295e-07,2116770.0
178,1.74048e-06,3.6429822e-07,2155614.0
179,1.750258e-06,3.6657357e-07,2194824.8
180,1.760036e-06,3.6873703e-07,2234072.2
181,1.769814e-06,3.7078817e-07,2273062.5
182,1.779592e-06,3.7271806e-07,2311338.5
183,1.78937e-06,3.7452756e-07,2348636.5
184,1.799148e-06,3.76216e-07,2384677.2
185,1.808926e-06,3.7778028e-07,2419138.8
186,1.818704e-06,3.7921973e-07,2451766.8
187,1.828482e-06,3.8053773e-07,2482415.0
188,1.83826e-06,3.8173636e-07,2510932.5
189,1.848038e-06,3.8281718e-07,2537175.5
190,1.857816e-06,3.837961e-07,2561380.2
191,1.867594e-06,3.846844e-07,2583701.8
192,1.877372e-06,3.8549555e-07,2604385.2
193,1.88715e-06,3.862374e-07,2623551.2
194,1.896928e-06,3.8692033e-07,2641408.5
195,1.906706e-06,3.8754658e-07,2657962.5
196,1.916484e-06,3.8812598e-07,2673431.2
197,1.926262e-06,3.8866108e-07,2687848.8
198,1.93604e-06,3.891575e-07,2701336.8
199,1.945818e-06,3.8961687e-07,2713915.8
200,1.955596e-06,3.9004513e-07,2725726.2
201,1.965374e-06,3.904432e-07,2736776.8
202,1.975152e-06,3.9081291e-07,2747103.8
203,1.98493e-06,3.911579e-07,2756794.2
204,1.994708e-06,3.9147855e-07,2765849.2
205,2.004486e-06,3.917772e-07,2774324.5
206,2.014264e-06,3.9205378e-07,2782208.2
207,2.024042e-06,3.923156e-07,2789703.0
208,2.03382e-06,3.925686e-07,2796974.5
209,2.043598e-06,3.92824e-07,2804344.5
210,2.053375e-06,3.930861e-07,2811937.2
211,2.063153e-06,3.9335708e-07,2819820.0
212,2.072931e-06,3.9363306e-07,2827881.8
213,2.082709e-06,3.9391196e-07,2836064.2
214,2.092487e-06,3.9419254e-07,2844331.8
215,2.102265e-06,3.944736e-07,2852648.0
216,2.112043e-06,3.9475034e-07,2860871.8
217,2.121821e-06,3.9502245e-07,2868992.0
218,2.131599e-06,3.952877e-07,2876939.5
219,2.141377e-06,3.955451e-07,2884682.0
220,2.151155e-06,3.9579024e-07,2892083.8
221,2.160933e-06,3.9601966e-07,2899035.0
222,2.170711e-06,3.9622444e-07,2905260.8
223,2.180489e-06,3.9639718e-07,2910527.2
224,2.190267e-06,3.9652915e-07,2914559.5
225,2.200045e-06,3.9661546e-07,2917201.2
226,2.209823e-06,3.966621e-07,2918629.8
227,2.219601e-06,3.9667842e-07,2919130.2
228,2.229379e-06,3.96683e-07,2917826.5
229,2.239157e-06,3.96683e-07,2911134.8
230,2.248935e-06,3.96683e-07,2904061.8
231,2.258713e-06,3.96683e-07,2896101.8
232,2.268491e-06,3.96683e-07,2888917.2
233,2.278269e-06,3.96683e-07,2882088.2
234,2.288047e-06,3.96683e-07,2875686.5
235,2.297825e-06,3.96683e-07,2870147.8
236,2.307603e-06,3.96683e-07,2865453.8
237,2.317381e-06,3.96683e-07,2862265.5
238,2.327159e-06,3.96683e-07,2859993.2
239,2.336937e-06,3.96683e-07,2858597.0
240,2.346715e-06,3.96683e-07,2857965.8
241,2.356493e-06,3.96683e-07,2858060.0
242,2.366271e-06,3.96683e-07,2858511.5
243,2.376049e-06,3.96683e-07,2859519.0
244,2.385827e-06,3.96683e-07,2861208.5
245,2.395605e-06,3.96683e-07,2863209.2
246,2.405383e-06,3.96683e-07,2866709.0
247,2.415161e-06,3.96683e-07,2874859.0
248,2.424939e-06,3.96683e-07,2886183.2
249,2.434717e-06,3.96683e-07,2898855.0
250,2.444495e-06,3.96683e-07,2913077.5
251,2.454273e-06,3.9668515e-07,2919336.2
252,2.464051e-06,3.967018e-07,2919846.8
253,2.473829e-06,3.96722e-07,2920466.2
254,2.483607e-06,3.9674202e-07,2921080.5
255,2.493385e-06,3.9676306e-07,2921725.8
256,2.503162e-06,3.967852e-07,2922406.0
257,2.51294e-06,3.9681447e-07,2923304.8
258,2.522718e-06,3.968437e-07,2924202.5
259,2.532496e-06,3.9687166e-07,2925062.2
260,2.542274e-06,3.9689465e-07,2925768.8
261,2.552052e-06,3.9691247e-07,2926317.0
262,2.56183e-06,3.9692475e-07,2926694.5
263,2.571608e-06,3.9693012e-07,2926860.0
264,2.581386e-06,3.9693307e-07,2926372.2
265,2.591164e-06,3.9693307e-07,2919281.8
266,2.600942e-06,3.9693307e-07,2909262.0
267,2.61072e-06,3.9693307e-07,2900918.5
268,2.620498e-06,3.9693307e-07,2893306.8
269,2.630276e-06,3.9693307e-07,2886618.8
270,2.640054e-06,3.9693307e-07,2880590.0
271,2.649832e-06,3.9693307e-07,2874943.2
272,2.65961e-06,3.9693307e-07,2871403.8
273,2.669388e-06,3.9693307e-07,2869722.2
274,2.679166e-06,3.9693307e-07,2872093.0
275,2.688944e-06,3.9693307e-07,2877417.5
276,2.698722e-06,3.9693307e-07,2884898.2
277,2.7085e-06,3.9693307e-07,2892554.8
278,2.718278e-06,3.9693307e-07,2898924.8
279,2.728056e-06,3.9693307e-07,2903410.5
280,2.737834e-06,3.9693307e-07,2904077.2
281,2.747612e-06,3.9693307e-07,2898463.2
282,2.75739e-06,3.9693307e-07,2885101.2
283,2.767168e-06,3.9693307e-07,2860513.5
284,2.776946e-06,3.9693307e-07,2824710.8
285,2.786724e-06,3.9693307e-07,2793618.2
286,2.796502e-06,3.9693307e-07,2770056.5
287,2.80628e-06,3.9693307e-07,2751903.5
288,2.816058e-06,3.9693307e-07,2736536.5
289,2.825836e-06,3.9693307e-07,2722716.2
290,2.835614e-06,3.9693307e-07,2710365.8
291,2.845392e-06,3.9693307e-07,2700080.2
292,2.85517e-06,3.9693307e-07,2690084.5
293,2.864948e-06,3.9693307e-07,2680841.0
294,2.874726e-06,3.9693307e-07,2671970.2
295,2.884504e-06,3.9693307e-07,2664988.2
296,2.894282e-06,3.9693307e-07,2657886.5
297,2.90406e-06,3.9693307e-07,2649968.5
298,2.913838e-06,3.9693307e-07,2643261.0
299,2.923616e-06,3.9693307e-07,2637848.8
300,2.933394e-06,3.9693307e-07,2632561.0
301,2.943172e-06,3.9693307e-07,2625816.8
302,2.95295e-06,3.9693307e-07,2620503.0
303,2.962727e-06,3.9693307e-07,2616483.5
304,2.972505e-06,3.9693307e-07,2612016.8
305,2.982283e-06,3.9693307e-07,2606337.2
306,2.992061e-06,3.9693307e-07,2602523.5
307,3.001839e-06,3.9693307e-07,2599160.5
308,3.011617e-06,3.9693307e-07,2594358.2
309,3.021395e-06,3.9693307e-07,2589958.8
310,3.031173e-06,3.9693307e-07,2587174.2
311,3.040951e-06,3.9693307e-07,2583230.8
312,3.050729e-06,3.9693307e-07,2578607.5
313,3.060507e-06,3.9693307e-07,2576252.0
314,3.070285e-06,3.9693307e-07,2572704.2
315,3.080063e-06,3.9693307e-07,2568599.0
316,3.089841e-06,3.9693307e-07,2565954.0
317,3.099619e-06,3.9693307e-07,2563089.8
318,3.109397e-06,3.9693307e-07,2559088.2
319,3.119175e-06,3.9693307e-07,2556634.5
320,3.128953e-06,3.9693307e-07,2554054.2
321,3.138731e-06,3.9693307e-07,2550240.2
322,3.148509e-06,3.9693307e-07,2548435.2
323,3.158287e-06,3.9693307e-07,2545749.8
324,3.168065e-06,3.9693307e-07,2542670.5
325,3.177843e-06,3.9693307e-07,2540705.0
326,3.187621e-06,3.9693307e-07,2537281.0
327,3.197399e-06,3.9693307e-07,2534672.5
328,3.207177e-06,3.9693307e-07,2532675.2
329,3.216955e-06,3.9693307e-07,2529478.5
330,3.226733e-06,3.9693307e-07,2527607.5
331,3.236511e-06,3.9693307e-07,2525247.5
332,3.246289e-06,3.9693307e-07,2522616.8
333,3.256067e-06,3.9693307e-07,2521000.0
334,3.265845e-06,3.9693307e-07,2518290.8
335,3.275623e-06,3.9693307e-07,2516125.2
336,3.285401e-06,3.9693307e-07,2514186.5
337,3.295179e-06,3.9693307e-07,2511674.8
338,3.304957e-06,3.9693307e-07,2510055.5
339,3.314735e-06,3.9693307e-07,2507666.2
340,3.324513e-06,3.9693307e-07,2505454.8
341,3.334291e-06,3.9693307e-07,2503811.5
342,3.344069e-06,3.9693307e-07,2501401.0
343,3.353847e-06,3.9693307e-07,2499616.2
344,3.363625e-06,3.9693307e-07,2497521.5
345,3.373403e-06,3.9693307e-07,2495482.5
346,3.383181e-06,3.9693307e-07,2493824.2
347,3.392959e-06,3.9693307e-07,2491466.5
348,3.402737e-06,3.9693307e-07,2489993.2
349,3.412515e-06,3.9693307e-07,2487876.5
350,3.422292e-06,3.9693307e-07,2485947.2
351,3.43207e-06,3.9693307e-07,2484333.0
352,3.441848e-06,3.9693307e-07,2482247.8
353,3.451626e-06,3.9693307e-07,2480629.2
354,3.461404e-06,3.9693307e-07,2478601.8
355,3.471182e-06,3.9693307e-07,2476941.5
356,3.48096e-06,3.9693307e-07,2474992.5
357,3.490738e-06,3.9693307e-07,2473218.8
358,3.500516e-06,3.9693307e-07,2471501.5
359,3.510294e-06,3.9693307e-07,2469383.5
360,3.520072e-06,3.9693307e-07,2467633.8
361,3.52985e-06,3.9693307e-07,2465400.5
362,3.539628e-06,3.9693307e-07,2463530.0
363,3.549406e-06,3.9693307e-07,2461656.2
364,3.559184e-06,3.9693307e-07,2459783.5
365,3.568962e-06,3.9693307e-07,2458160.5
366,3.57874e-06,3.9693307e-07,2456332.5
367,3.588518e-06,3.9693307e-07,2454761.5
368,3.598296e-06,3.9693307e-07,2453026.5
369,3.608074e-06,3.9693307e-07,2451342.0
370,3.617852e-06,3.9693307e-07,2449718.2
371,3.62763e-06,3.9693307e-07,2448057.5
372,3.637408e-06,3.9693307e-07,2446649.8
373,3.647186e-06,3.9693307e-07,2445099.5
374,3.656964e-06,3.9693307e-07,2443662.0
375,3.666742e-06,3.9693307e-07,2442176.5
376,3.67652e-06,3.9693307e-07,2440594.8
377,3.686298e-06,3.9693307e-07,2439210.5
378,3.696076e-06,3.9693307e-07,2437698.0
379,3.705854e-06,3.9693307e-07,2436375.8
380,3.715632e-06,3.9693307e-07,2435055.5
381,3.72541e-06,3.9693307e-07,2433791.8
382,3.735188e-06,3.9693307e-07,2432627.2
383,3.744966e-06,3.9693307e-07,2431339.0
384,3.754744e-06,3.9693307e-07,2430183.0
385,3.764522e-06,3.9693307e-07,2428896.0
386,3.7743e-06,3.9693307e-07,2427679.0
387,3.784078e-06,3.9693307e-07,2426430.8
388,3.793856e-06,3.9693307e-07,2425194.2
389,3.803634e-06,3.9693307e-07,2424047.0
390,3.813412e-06,3.9693307e-07,2422762.0
391,3.82319e-06,3.9693307e-07,2421613.8
392,3.832968e-06,3.9693307e-07,2420430.8
393,3.842746e-06,3.9693307e-07,2419357.0
394,3.852524e-06,3.9693307e-07,2418341.5
395,3.862302e-06,3.9693307e-07,2417294.0
396,3.872079e-06,3.9693307e-07,2416300.8
397,3.881857e-06,3.9693307e-07,2415273.0
398,3.891635e-06,3.9693307e-07,2414441.8
399,3.901413e-06,3.9693307e-07,2413538.2
400,3.911191e-06,3.9693307e-07,2412768.2
401,3.920969e-06,3.9693307e-07,2412034.8
402,3.930747e-06,3.9693307e-07,2411218.2
403,3.940525e-06,3.9693307e-07,2410575.0
404,3.950303e-06,3.9693307e-07,2409846.0
405,3.960081e-06,3.9693307e-07,2409216.0
406,3.969859e-06,3.9693307e-07,2408523.0
407,3.979637e-06,3.9693307e-07,2407762.2
408,3.989415e-06,3.9693307e-07,2406943.2
409,3.999193e-06,3.9693307e-07,2406028.8
410,4.008971e-06,3.9693307e-07,2405162.0
411,4.018749e-06,3.9693307e-07,2404438.5
412,4.028527e-06,3.9693307e-07,2403896.2
413,4.038305e-06,3.9693307e-07,2403284.8
414,4.048083e-06,3.9693307e-07,2402658.0
415,4.057861e-06,3.9693307e-07,2401933.0
416,4.067639e-06,3.9693307e-07,2401252.2
417,4.077417e-06,3.9693307e-07,2400637.0
418,4.087195e-06,3.9693307e-07,2399921.5
419,4.096973e-06,3.9693307e-07,2399224.2
420,4.106751e-06,3.9693307e-07,2398467.2
421,4.116529e-06,3.9693307e-07,2397789.8
422,4.126307e-06,3.9693307e-07,2397211.5
423,4.136085e-06,3.9693307e-07,2396601.8
424,4.145863e-06,3.9693307e-07,2395916.0
425,4.155641e-06,3.9693307e-07,2395312.0
426,4.165419e-06,3.9693307e-07,2394707.0
427,4.175197e-06,3.9693307e-07,2394130.2
428,4.184975e-06,3.9693307e-07,2393607.2
429,4.194753e-06,3.9693307e-07,2393012.2
430,4.204531e-06,3.9693307e-07,2392487.0
431,4.214309e-06,3.9693307e-07,2391964.0
432,4.224087e-06,3.9693307e-07,2391398.2
433,4.233865e-06,3.9693307e-07,2390834.8
434,4.243643e-06,3.9693307e-07,2390286.0
435,4.253421e-06,3.9693307e-07,2389635.2
436,4.263199e-06,3.9693307e-07,2388999.5
437,4.272977e-06,3.9693307e-07,2388429.2
438,4.282755e-06,3.9693307e-07,2387820.5
439,4.292533e-06,3.9693307e-07,2387241.2
440,4.302311e-06,3.9693307e-07,2386742.5
441,4.312089e-06,3.9693307e-07,2386212.2
442,4.321867e-06,3.9693307e-07,2385589.0
443,4.331644e-06,3.9693307e-07,2385093.0
444,4.341422e-06,3.9693307e-07,2384687.5
445,4.3512e-06,3.9693307e-07,2384184.5
446,4.360978e-06,3.9693307e-07,2383616.2
447,4.370756e-06,3.9693307e-07,2383164.5
448,4.380534e-06,3.9693307e-07,2382761.5
449,4.390312e-06,3.9693307e-07,2382215.8
450,4.40009e-06,3.9693307e-07,2381675.5
451,4.409868e-06,3.9693307e-07,2381233.2
452,4.419646e-06,3.9693307e-07,2380764.8
453,4.429424e-06,3.9693307e-07,2380168.8
454,4.439202e-06,3.9693307e-07,2379674.0
455,4.44898e-06,3.9693307e-07,2379271.8
456,4.458758e-06,3.9693307e-07,2378752.8
457,4.468536e-06,3.9693307e-07,2378214.0
458,4.478314e-06,3.9693307e-07,2377777.5
459,4.488092e-06,3.9693307e-07,2377360.0
460,4.49787e-06,3.9693307e-07,2376770.8
461,4.507648e-06,3.9693307e-07,2376266.8
462,4.517426e-06,3.9693307e-07,2375864.0
463,4.527204e-06,3.9693307e-07,2375379.8
464,4.536982e-06,3.9693307e-07,2374855.5
465,4.54676e-06,3.9693307e-07,2374428.8
466,4.556538e-06,3.9693307e-07,2374099.2
467,4.566316e-06,3.9693307e-07,2373638.8
468,4.576094e-06,3.9693307e-07,2373224.2
469,4.585872e-06,3.9693307e-07,2372922.8
470,4.59565e-06,3.9693307e-07,2372669.5
471,4.605428e-06,3.9693307e-07,2372307.5
472,4.615206e-06,3.9693307e-07,2371980.0
473,4.624984e-06,3.9693307e-07,2371828.0
474,4.634762e-06,3.9693307e-07,2371561.2
475,4.64454e-06,3.9693307e-07,2371155.0
476,4.654318e-06,3.9693307e-07,2370791.8
477,4.664096e-06,3.9693307e-07,2370523.5
478,4.673874e-06,3.9693307e-07,2370095.8
479,4.683652e-06,3.9693307e-07,2369566.0
480,4.69343e-06,3.9693307e-07,2369145.0
481,4.703208e-06,3.9693307e-07,2368715.0
482,4.712986e-06,3.9693307e-07,2368137.0
483,4.722764e-06,3.9693307e-07,2367557.2
484,4.732542e-06,3.9693307e-07,2367227.0
485,4.74232e-06,3.9693307e-07,2366869.8
486,4.752098e-06,3.9693307e-07,2366423.8
487,4.761876e-06,3.9693307e-07,2366078.2
488,4.771654e-06,3.9693307e-07,2365870.5
489,4.781431e-06,3.9693307e-07,2365582.0
490,4.791209e-06,3.9693307e-07,2365187.2
491,4.800987e-06,3.9693307e-07,2364968.0
492,4.810765e-06,3.9693307e-07,2364737.2
493,4.820543e-06,3.9693307e-07,2364403.8
494,4.830321e-06,3.9693307e-07,2364103.8
495,4.840099e-06,3.9693307e-07,2363924.2
496,4.849877e-06,3.9693307e-07,2363680.5
497,4.859655e-06,3.9693307e-07,2363301.2
498,4.869433e-06,3.9693307e-07,2363033.5
499,4.879211e-06,3.9693307e-07,2362813.0
500,4.888989e-06,3.9693307e-07,2362485.0
501,4.898767e-06,3.9693307e-07,2362081.5
502,4.908545e-06,3.9693307e-07,2361809.2
503,4.918323e-06,3.9693307e-07,2361598.5
504,4.928101e-06,3.9693307e-07,2361330.5
505,4.937879e-06,3.9693307e-07,2360962.2
506,4.947657e-06,3.9693307e-07,2360625.5
507,4.957435e-06,3.9693307e-07,2360439.8
508,4.967213e-06,3.9693307e-07,2360225.5
509,4.976991e-06,3.9693307e-07,2359934.2
510,4.986769e-06,3.9693307e-07,2359561.0
511,4.996547e-06,3.9693307e-07,2359254.0
512,5.006325e-06,3.9693307e-07,2359046.8
513,5.016103e-06,3.9693307e-07,2358870.5
514,5.025881e-06,3.9693307e-07,2358628.8
515,5.035659e-06,3.9693307e-07,2358326.0
516,5.045437e-06,3.9693307e-07,2358100.5
517,5.055215e-06,3.9693307e-07,2357949.5
518,5.064993e-06,3.9693307e-07,2357784.2
519,5.074771e-06,3.9693307e-07,2357464.0
520,5.084549e-06,3.9693307e-07,2357111.0
521,5.094327e-06,3.9693307e-07,2356814.0
522,5.104105e-06,3.9693307e-07,2356548.5
523,5.113883e-06,3.9693307e-07,2356198.5
524,5.123661e-06,3.9693307e-07,2355792.8
525,5.133439e-06,3.9693307e-07,2355453.2
526,5.143217e-06,3.9693307e-07,2355171.0
527,5.152995e-06,3.9693307e-07,2354927.0
528,5.162773e-06,3.9693307e-07,2354627.2
529,5.172551e-06,3.9693307e-07,2354324.5
530,5.182329e-06,3.9693307e-07,2354006.2
531,5.192107e-06,3.9693307e-07,2353684.2
532,5.201885e-06,3.9693307e-07,2353333.5
533,5.211663e-06,3.9693307e-07,2352958.0
534,5.221441e-06,3.9693307e-07,2352572.2
535,5.231219e-06,3.9693307e-07,2352166.2
536,5.240996e-06,3.9693307e-07,2351775.5
537,5.250774e-06,3.9693307e-07,2351371.5
538,5.260552e-06,3.9693307e-07,2351016.5
539,5.27033e-06,3.9693307e-07,2350782.0
540,5.280108e-06,3.9693307e-07,2350748.0
541,5.289886e-06,3.9693307e-07,2350753.0
542,5.299664e-06,3.9693307e-07,2350593.8
543,5.309442e-06,3.9693307e-07,2350053.0
544,5.31922e-06,3.9693307e-07,2349131.5
545,5.328998e-06,3.9693307e-07,2348150.2
546,5.338776e-06,3.9693307e-07,2347533.0
547,5.348554e-06,3.9693307e-07,2347560.5
548,5.358332e-06,3.9693307e-07,2347872.5
549,5.36811e-06,3.9693307e-07,2348084.8
550,5.377888e-06,3.9693307e-07,2348056.2
551,5.387666e-06,3.9693307e-07,2347902.8
552,5.397444e-06,3.9693307e-07,2347715.2
553,5.407222e-06,3.9693307e-07,2347536.5
554,5.417e-06,3.9693307e-07,2347398.0
555,5.426778e-06,3.9693307e-07,2347227.5
556,5.436556e-06,3.9693307e-07,2347077.8
557,5.446334e-06,3.9693307e-07,2346890.0
558,5.456112e-06,3.9693307e-07,2346704.8
559,5.46589e-06,3.9693307e-07,2346496.5
560,5.475668e-06,3.9693307e-07,2346272.0
561,5.485446e-06,3.9693307e-07,2346066.8
562,5.495224e-06,3.9693307e-07,2345870.0
563,5.505002e-06,3.9693307e-07,2345681.5
564,5.51478e-06,3.9693307e-07,2345439.8
565,5.524558e-06,3.9693307e-07,2345182.8
566,5.534336e-06,3.9693307e-07,2344904.8
567,5.544114e-06,3.9693307e-07,2344666.2
568,5.553892e-06,3.9693307e-07,2344412.2
569,5.56367e-06,3.9693307e-07,2344108.2
570,5.573448e-06,3.9693307e-07,2343822.2
571,5.583226e-06,3.9693307e-07,2343571.2
572,5.593004e-06,3.9693307e-07,2343336.8
573,5.602782e-06,3.9693307e-07,2343071.0
574,5.61256e-06,3.9693307e-07,2342811.0
575,5.622338e-06,3.9693307e-07,2342574.0
576,5.632116e-06,3.9693307e-07,2342374.2
577,5.641894e-06,3.9693307e-07,2342160.2
578,5.651672e-06,3.9693307e-07,2341918.8
579,5.66145e-06,3.9693307e-07,2341692.5
580,5.671228e-06,3.9693307e-07,2341482.2
581,5.681006e-06,3.9693307e-07,2341264.0
582,5.690783e-06,3.9693307e-07,2341031.2
583,5.700561e-06,3.9693307e-07,2340816.5
584,5.710339e-06,3.9693307e-07,2340611.0
585,5.720117e-06,3.9693307e-07,2340403.8
586,5.729895e-06,3.9693307e-07,2340198.2
587,5.739673e-06,3.9693307e-07,2339997.0
588,5.749451e-06,3.9693307e-07,2339786.2
589,5.759229e-06,3.9693307e-07,2339578.8
590,5.769007e-06,3.9693307e-07,2339387.0
591,5.778785e-06,3.9693307e-07,2339217.0
592,5.788563e-06,3.9693307e-07,2339050.0
593,5.798341e-06,3.9693307e-07,2338881.5
594,5.808119e-06,3.9693307e-07,2338719.0
595,5.817897e-06,3.9693307e-07,2338564.0
596,5.827675e-06,3.9693307e-07,2338433.2
597,5.837453e-06,3.9693307e-07,2338312.8
598,5.847231e-06,3.9693307e-07,2338197.0
599,5.857009e-06,3.9693307e-07,2338083.0
600,5.866787e-06,3.9693307e-07,2337997.0
601,5.876565e-06,3.9693307e-07,2337922.5
602,5.886343e-06,3.9693307e-07,2337851.2
603,5.896121e-06,3.9693307e-07,2337772.2
604,5.905899e-06,3.9693307e-07,2337683.8
605,5.915677e-06,3.9693307e-07,2337598.8
606,5.925455e-06,3.9693307e-07,2337491.5
607,5.935233e-06,3.9693307e-07,2337379.2
608,5.945011e-06,3.9693307e-07,2337256.5
609,5.954789e-06,3.9693307e-07,2337142.2
610,5.964567e-06,3.9693307e-07,2337020.0
611,5.974345e-06,3.9693307e-07,2336882.0
612,5.984123e-06,3.9693307e-07,2336734.5
613,5.993901e-06,3.9693307e-07,2336586.8
